Backend	VMUCP+BB	nc264/ur0/ui0/bb76
BankedDataArray	VMUCP+BB+GOLD	nc0/ur3/ui0/bb33(两侧elaborate DataSRAMBank消undriven+vmucp+dead_ref, exact-cutpoint官方PASS_DEAD_REF, relaxed_appvars=[]; 旧BB+GOLD bb9 stale)
Bku	IMPL_DEAD	nc1/ur19/ui19/bb0/NONSYM
CSR	VMUCP+BB	nc48/ur0/ui0/bb2
Composer	VMUCP+BB+GOLD	nc15/ur602/ui0/bb5
CompressUnit	IMPL_DEAD	nc0/ur0/ui129/bb0
DCache	VMUCP+BB	nc1/ur0/ui0/bb32
DCacheWrapper	NATIVE_FAIL	nc0/ur0/ui0/bb1
DataPath	NC_NONSYM	nc16191/ur390/ui0/bb81/NONSYM
DebugModule	BB	nc0/ur0/ui0/bb2
Directory	VMUCP+BB	nc16/ur0/ui0/bb5
DuplicatedTagArray	BB	nc0/ur0/ui0/bb5
EntriesAluBrhJmpI2fVsetriwiVsetriwvfI2v	IMPL_DEAD	nc0/ur12/ui1405/bb0
EntriesAluCsrFenceDiv	IMPL_DEAD	nc0/ur12/ui1477/bb0
EntriesAluMulBkuBrhJmp	IMPL_DEAD	nc0/ur12/ui1453/bb0
EntriesVlduVstu	IMPL_DEAD	nc0/ur0/ui3/bb0
EntriesVlduVstuVseglduVsegstu	IMPL_DEAD	nc0/ur0/ui3/bb0
ExeUnit	BB	nc0/ur0/ui0/bb6
ExeUnit_4	BB	nc0/ur0/ui0/bb2
ExeUnit_8	IMPL_DEAD	nc0/ur0/ui10/bb8
ExuBlock	BB	nc0/ur0/ui0/bb39
ExuBlock_1	BB	nc0/ur0/ui0/bb24
FTB	IMPL_DEAD	nc514/ur0/ui87/bb4
FTBBank	IMPL_DEAD	nc0/ur50/ui64/bb2
FTBEntryGen	IMPL_DEAD	nc0/ur0/ui9/bb0
FauFTB	IMPL_DEAD	nc515/ur435/ui2/bb0
Fence	IMPL_DEAD	nc0/ur116/ui116/bb0
Frontend	NATIVE_FAIL	nc3268/ur0/ui3656/bb23
Ftq	IMPL_DEAD	nc3330/ur4282/ui97/bb7/NONSYM
GrantBuffer	IMPL_DEAD	nc1/ur1040/ui32/bb4
IBuffer	IMPL_DEAD	nc0/ur6/ui27/bb0
IMSIC	BB	nc0/ur0/ui0/bb8
ITTage	UNMATCH_COMPARE	nc120/ur382/ui40/bb7/NONSYM
IntRegFilePart0	IMPL_DEAD	nc0/ur0/ui1/bb0
IssueQueueAluBrhJmpI2fVsetriwiVsetriwvfI2v	IMPL_DEAD	nc156/ur2/ui2/bb0
IssueQueueAluCsrFenceDiv	IMPL_DEAD	nc156/ur1/ui1/bb0
IssueQueueAluMulBkuBrhJmp	IMPL_DEAD	nc168/ur2/ui2/bb0
L1FlagMetaArray_1	UNMATCH_COMPARE	nc0/ur0/ui0/bb0
L2DataStorage	IMPL_DEAD	nc0/ur0/ui2/bb0
L2TLB	UNMATCH_COMPARE	nc537/ur0/ui0/bb6/NONSYM
L2TLBWrapper	NATIVE_FAIL	nc0/ur0/ui0/bb1
L2TlbPrefetch	IMPL_DEAD	nc0/ur12/ui12/bb0
L2Top	VMUCP+BB	nc0/ur0/ui0/bb131/CHILD_GAP: native SUCCEEDED 158621p/0f/0(0)unmatched/0unread(vmucp+allow 4 iface+127 unresolved对称golden), gate PASS; 依赖闭包缺TL2CHICoupledL2子树14孙子(已在agent/tl2-final签绿待main集成)故ledger保持PROOF_GAP
LLPTW	UNMATCH_COMPARE	nc0/ur1/ui0/bb0
LinkMonitor	VMUCP+BB	nc192/ur0/ui0/bb6
LoadMisalignBuffer	UNMATCH_COMPARE	nc0/ur138/ui319/bb0
LoadPipe	NC_NONSYM	nc59/ur3/ui0/bb0/NONSYM
LoadQueue	UNMATCH_COMPARE	nc235/ur0/ui100/bb0/NONSYM
LoadQueueRAW	NATIVE_FAIL	nc0/ur48/ui12/bb0
LoadQueueReplay	UNMATCH_COMPARE	nc144/ur33/ui5373/bb5/NONSYM
LoadUnit	UNMATCH_COMPARE	nc0/ur89/ui149/bb0
LqExceptionBuffer	UNMATCH_COMPARE	nc0/ur1/ui6/bb0
LsqWrapper	BB	nc0/ur0/ui0/bb2
MSHRCtl	UNMATCH_COMPARE	nc0/ur3105/ui0/bb22
MainPipe	IMPL_DEAD	nc16/ur61/ui600/bb0/NONSYM
MainPipe_1	BB	nc0/ur0/ui0/bb1
MemBlock	NATIVE_FAIL	nc6/ur0/ui0/bb71
MissQueue	IMPL_DEAD	nc3563/ur12/ui14/bb0/NONSYM
NewCSR	VMUCP+BB	nc62/ur0/ui0/bb341
NewIFU	IMPL_DEAD	nc81/ur4/ui408/bb21/NONSYM
OpenLLC	BB	nc0/ur0/ui0/bb106
PMP	IMPL_DEAD	nc0/ur32/ui3040/bb0
PMPChecker_10	IMPL_DEAD	nc0/ur0/ui1/bb0
PTW	UNMATCH_COMPARE	nc0/ur1/ui18/bb0
Pipeline	BB	nc0/ur0/ui0/bb1
PtwCache	IMPL_DEAD	nc62/ur5/ui1561/bb0/NONSYM
RASStack	IMPL_DEAD	nc0/ur0/ui4/bb0
RegCache	IMPL_DEAD	nc0/ur6/ui6/bb0
Rename	SIGNOFF_PASS	regate-B官方gate RC0 SUCCEEDED(strict+vmucp解nc2对称死双射); 旧NATIVE_FAIL nc2/ur0/ui1 stale
RenameBuffer	IMPL_DEAD	nc0/ur7/ui8/bb0
Sbuffer	IMPL_DEAD	nc0/ur0/ui15/bb1
Scheduler_2	UNMATCH_COMPARE	nc647/ur0/ui0/bb0
SinkC	BB	nc0/ur0/ui0/bb1
Slice	VMUCP+BB	nc2751/ur0/ui0/bb47
Slice_1	VMUCP+BB	nc9/ur0/ui0/bb47
Slice_2	VMUCP+BB	nc9/ur0/ui0/bb47
Slice_3	VMUCP+BB	nc9/ur0/ui0/bb47
SourceB	IMPL_DEAD	nc0/ur4/ui5/bb1
StoreExceptionBuffer	UNMATCH_COMPARE	nc0/ur0/ui0/bb0
StoreMisalignBuffer	UNMATCH_COMPARE	nc1/ur11/ui101/bb0/NONSYM
StorePipe	VMUCP	nc30/ur0/ui0/bb0/canonical_derivative(G0-StorePipe-observable-v1)+semantic_surface_wrapper(14 UNSPECIFIED off surface,36 defined compared)
StoreQueue	NATIVE_FAIL	nc119/ur41/ui2603/bb0/NONSYM
StoreUnit	IMPL_DEAD	nc94/ur4/ui4/bb0/NONSYM
SyncDataModuleTemplate__1024entry_1	UNMATCH_COMPARE	nc0/ur0/ui0/bb0
TL2CHICoupledL2	VMUCP+BB	nc0/ur0/ui0/bb93/CHILD_GAP: native SUCCEEDED 150499p/0f/0(0)unmatched/0unread(vmucp+allow 89 unresolved+4 iface对称golden+grantBeat 4双射), gate PASS; 依赖闭包缺14孙子(Directory_1/2/3,L2Slice_1/2/3,RRArbiterInit_11,Arbiter8_CHIDAT/TLBundleD,PBestOffsetPrefetch,VBestOffsetPrefetch,PrefetchReceiver,MbistPipeL2Prefetcher,Pipeline_1;已在agent/tl2-final签绿待main集成)故ledger保持PROOF_GAP
TLBFA	IMPL_DEAD	nc22/ur11/ui347/bb0/NONSYM
TLBFA_1	IMPL_DEAD	nc33/ur11/ui155/bb0/NONSYM
TLBNonBlock	VMUCP+BB	nc0/ur12/ui0/bb0(两侧elaborate+vmucp+dead_ref PASS_DEAD_REF, tlbnb-gate官方gate RC0; 旧IMPL_DEAD stale)
TLPLIC	IMPL_DEAD	nc0/ur0/ui4/bb0
TageTable	IMPL_DEAD	nc0/ur48/ui11/bb13
TageTable_1	IMPL_DEAD	nc0/ur48/ui11/bb13
TageTable_2	IMPL_DEAD	nc0/ur48/ui11/bb13
TageTable_3	IMPL_DEAD	nc0/ur48/ui11/bb13
Tage_SC	IMPL_DEAD	nc193/ur402/ui19/bb11/NONSYM
Uncache	IMPL_DEAD	nc12/ur45/ui46/bb0/NONSYM
VirtualLoadQueue	NATIVE_FAIL	nc0/ur0/ui112/bb0
WbDataPath	VMUCP+BB+GOLD	nc224/ur64/ui0/bb26
WritebackQueue	IMPL_DEAD	nc0/ur36/ui36/bb0
XSCore	UNMATCH_COMPARE	nc0/ur0/ui0/bb3
XSTile	NATIVE_FAIL	nc0/ur0/ui0/bb22
XSTop	NATIVE_FAIL	nc3/ur0/ui0/bb68
