RESULT.txt	289	7d2274108cb8470e5f75299849a3f827210f48ade123e54bd9c2525bf089a2fe
RUNNER_RC	2	9a271f2a916b0b6ee6cecb2426f0b3206ef074578be55d9bc94f6f3fe3ab86aa
TOOLS.tsv	1586	0c2733721b2f54d6c17927b4311a37ea69b627640dff4e15c976db8a0bcc050b
allow.json	82	3ebce8800652d644b2263c9613d078733d362bdf9bded01bde1d527001f315e8
expectation.json	1126	57bf04bc16dd10af63f79b115f5bbfbb4a43fc1b2abe6232106286abba4e888f
fm_log.txt	29311	70d800a012936f3160a44043b737215df378399dfc527fd5a95465f1649658fc
fm_shell.rc	2	9a271f2a916b0b6ee6cecb2426f0b3206ef074578be55d9bc94f6f3fe3ab86aa
make.out	4125	038a7e6c162fa4c419ae612741850ed01db7205cb7061535d70de160dd68949a
native_facts.json	1504	a25cb1f072a4b32a03416ea8e72640a26b2d42e375fda8a438cfbcacdaafeca8
probe_nc_unread.list	0	e3b0c44298fc1c149afbf4c8996fb92427ae41e4649b934ca495991b7852b855
script_closure.list	282	787f4b3771b86c82c6c3ad4e3ddb703cb1991b8a14d1fbb7ecd28d651f0c9c6c
sourced_000_fm_eq.tcl	13893	0d61d9b6e9ad728319087129c9d831786ca83100f859f7eb9c925786b246ce3a
sourced_001_fm_native_emit.tcl	35910	f2cd9feaf192ca0687dee6abfbdd45e61c5db1c3a2b582cd73ee8b294c21015a
verdict.sidecar.json	2264	1488166b84c15fdabc445896db2974497620d4895aff5e13b3d0fcf5ae3a3df7
