RESULT.txt	252	f76ad5d652f591e72747186df5e075851b2766abbeb7e184ecc8c195710e669b
RUNNER_RC	2	f0b5c2c2211c8d67ed15e75e656c7862d086e9245420892a7de62cd9ec582a06
TOOLS.tsv	1456	59a4a50d3c334ff949759fefeaf5b5e4fb61979e000fcc11f0d91beffa5dbdff
allow.json	82	3ebce8800652d644b2263c9613d078733d362bdf9bded01bde1d527001f315e8
fm_log.txt	55935	95e8af45017d9aa9921d43750563d0a3075a94f505a8d049c91ec567d8fe95ab
fm_shell.rc	2	7de1555df0c2700329e815b93b32c571c3ea54dc967b89e81ab73b9972b72d1d
make.out	1245	4e9f70fcf54c22457543cf484bad0cc1009f0b4cee3d62745c20f22e4a937055
probe_nc_unread.list	0	e3b0c44298fc1c149afbf4c8996fb92427ae41e4649b934ca495991b7852b855
script_closure.list	282	51e113a4322a68eff91aca16b3ca98b7acecdbe50ae77a54f2b7a7f299bda4cd
sourced_000_fm_eq.tcl	11528	2b64f30763790e90a68b21f29d050df8b27a53ee78c4377b5f60a388b0be1162
sourced_001_fm_native_emit.tcl	31981	8c77b3f84fe02b4661b8f520370546156e0f97cd3762c80629a55c04c7e1f251
