RESULT.txt	304	a02ba8f0eff38f26a7016b46b635bd79a19212f3325c19d71c1e5ce0664e19f6
RUNNER_RC	2	4355a46b19d348dc2f57c046f8ef63d4538ebb936000f3c9ee954a27460dd865
TOOLS.tsv	1601	268a9c1d6cf91eefb08666c3d4fb02744519ea275c851afad04838999fb60273
allow.json	82	3ebce8800652d644b2263c9613d078733d362bdf9bded01bde1d527001f315e8
expectation.json	1221	d20e7ec074c607db2ec90247434595384842d4935436be8eb1069563edc716d5
fm_log.txt	21584	f201006cfdafd8c3c0e4f766af8de750f99e38223ae617ee69ea0b57e275a135
fm_shell.rc	2	9a271f2a916b0b6ee6cecb2426f0b3206ef074578be55d9bc94f6f3fe3ab86aa
make.out	1632	da0da7ed1706ca7cffcbb2390dc571d8b3da6dbc28e05cd4f6929d0f6b1a3589
native_facts.json	2481	1bc7b7de1ad74bf76a3ab11dc28ecd6fa0177bd39ff58623c9f0630682ea0976
probe_nc_unread.list	0	e3b0c44298fc1c149afbf4c8996fb92427ae41e4649b934ca495991b7852b855
script_closure.list	282	00db62b4ff1985eb9f781a07507600966ee83d6fe392e8a55efe555282288766
sourced_000_fm_eq.tcl	13877	3be4ef2ae79ae92049723b169e43f883a16e0d2860596f09fd6ac50bf1553160
sourced_001_fm_native_emit.tcl	35910	f2cd9feaf192ca0687dee6abfbdd45e61c5db1c3a2b582cd73ee8b294c21015a
verdict.sidecar.json	3286	21a86385ebe467ae499e35c79840fc9904c1c13cc15178f5aa8ec918d2d8e2b9
