RESULT.txt	242	07cda32e01dda00f9628c2c5b3bba29f101bfc33ab8e4b901f7b02bbffa7f4aa
RUNNER_RC	2	f0b5c2c2211c8d67ed15e75e656c7862d086e9245420892a7de62cd9ec582a06
TOOLS.tsv	1446	24cdea8f477f183a439f0390e21cf068688d630fb7e2207b2bddbea305a6a59e
allow.json	82	3ebce8800652d644b2263c9613d078733d362bdf9bded01bde1d527001f315e8
fm_log.txt	21665	44f53dfc028192a0c7af25cb4be1e1db1bc2acc6a24b17f9df6ec2512d757832
fm_shell.rc	2	7de1555df0c2700329e815b93b32c571c3ea54dc967b89e81ab73b9972b72d1d
make.out	2240	878eb9fc4700d38483b556d80427574a81551512417cbddc90630c0ddfb9e6b2
probe_nc_unread.list	0	e3b0c44298fc1c149afbf4c8996fb92427ae41e4649b934ca495991b7852b855
script_closure.list	282	469cca7f32b1c0fe4ee017ca538d17c4b9e0b96e4902b30b83b7fe70cc1151bd
sourced_000_fm_eq.tcl	11528	2b64f30763790e90a68b21f29d050df8b27a53ee78c4377b5f60a388b0be1162
sourced_001_fm_native_emit.tcl	31981	8c77b3f84fe02b4661b8f520370546156e0f97cd3762c80629a55c04c7e1f251
