RESULT.txt	286	c277b11bdd033a48455b21af6bc1e113d8a4af1dfd597ec4c669f5f043baf898
RUNNER_RC	2	4355a46b19d348dc2f57c046f8ef63d4538ebb936000f3c9ee954a27460dd865
TOOLS.tsv	1606	700dfb876d9671846f484c53dbe22be6128bce3f5ff49355e0835f0a356b5b2d
allow.json	82	3ebce8800652d644b2263c9613d078733d362bdf9bded01bde1d527001f315e8
expectation.json	1126	9aaa307a77bcbae12dee1745cc9bb46bfb1e6e021a0037e092854c393cb0591d
fm_log.txt	24938	d8bac9d7aa32264789816b7861e25e6440545edd1b20b23168b65860595f0f37
fm_shell.rc	2	9a271f2a916b0b6ee6cecb2426f0b3206ef074578be55d9bc94f6f3fe3ab86aa
make.out	1127	bad6d5d91834ad42bd5697b60eb80a3844e252fd7f31ced88bcd08458b838eff
native_facts.json	107649	e9db1f1d37be066ddf88667692f9208876e89919b291c69f07ecc116fd83fcf1
probe_nc_unread.list	0	e3b0c44298fc1c149afbf4c8996fb92427ae41e4649b934ca495991b7852b855
script_closure.list	282	e46c662a6bf90559ee9ee4fbd9932fd5c9632894ccba342757211cb71da99aa5
sourced_000_fm_eq.tcl	12623	0fcdc9fd2cd3e5b835b6af2ddd6316e6b021ce9ec69cebc31c0cb0ed8ee8d95d
sourced_001_fm_native_emit.tcl	35910	f2cd9feaf192ca0687dee6abfbdd45e61c5db1c3a2b582cd73ee8b294c21015a
verdict.sidecar.json	110022	9b33b65bf3d51cc37f97f27986872d95be5a47bf4fac8507eb394c988abffebc
