RESULT.txt	287	d4448f529d4f95d60deb0bcc761f9b2e28146b2162fb356351593b39fcb3565f
RUNNER_RC	2	9a271f2a916b0b6ee6cecb2426f0b3206ef074578be55d9bc94f6f3fe3ab86aa
TOOLS.tsv	1594	eac0719a43b1d836ead4e44d65dcdd5d49ad640447debdfba0bd839f2bc930d8
allow.json	82	3ebce8800652d644b2263c9613d078733d362bdf9bded01bde1d527001f315e8
expectation.json	1122	6b20334e25cf4e22c83c3f36761ca0b6ada8e1b3b459561ae9ceb515292afaa0
fm_log.txt	19268	666089d7760f4ea70f13a3bb136878128a1a77214b95166ab5bf8f153406c312
fm_shell.rc	2	9a271f2a916b0b6ee6cecb2426f0b3206ef074578be55d9bc94f6f3fe3ab86aa
make.out	1098	0095bfbe77d7fd45c703a968be9241299264b120fc5ed3e0bce2a2e63cfce8b2
native_facts.json	1500	45c29a4d6f8895d154e12a6c533cf3866d12e27d8fa2b3fe8c9ecc65f21a5da5
probe_nc_unread.list	0	e3b0c44298fc1c149afbf4c8996fb92427ae41e4649b934ca495991b7852b855
script_closure.list	282	9bea356df6ed7e57e0272e2ada6b8bf6e32d02bf5d224b11971e00add17fcee1
sourced_000_fm_eq.tcl	13877	3be4ef2ae79ae92049723b169e43f883a16e0d2860596f09fd6ac50bf1553160
sourced_001_fm_native_emit.tcl	35910	f2cd9feaf192ca0687dee6abfbdd45e61c5db1c3a2b582cd73ee8b294c21015a
verdict.sidecar.json	2258	a3afb1f980a46fc153caabfa2f5919c31a1b8f779cc7e6c21499e99e7b520fbc
