RESULT.txt	349	2be2f3bbc0eafbbcee2eb651739bc0b5feed0e99f06484311ff350cde158a141
RUNNER_RC	2	9a271f2a916b0b6ee6cecb2426f0b3206ef074578be55d9bc94f6f3fe3ab86aa
TOOLS.tsv	1467	30464e07ab010d939e47ae0512cc678b0b20cc6d33685f813b67d754c6b84881
allow.json	82	3ebce8800652d644b2263c9613d078733d362bdf9bded01bde1d527001f315e8
expectation.json	1246	f835d37b939114816560c2b1192f210dca8f6b65779219ee8bfba73540dfc500
fm_log.txt	18411	42b881af64d482ae5c44a634bb1b0bd70171eb18be0a10181547d0b4532a0e69
fm_shell.rc	2	9a271f2a916b0b6ee6cecb2426f0b3206ef074578be55d9bc94f6f3fe3ab86aa
make.out	1377	bc67c4f950f3e03fa9194b239adb342134edbc99443f5ffcd00e423afb5fb1c2
native_facts.json	1563	0b14a352c772924f414c4adc903a40b38295d6da69c546249dc555eeaf10cec5
probe_nc_unread.list	0	e3b0c44298fc1c149afbf4c8996fb92427ae41e4649b934ca495991b7852b855
script_closure.list	282	630deb5b625f89615fcda341947e96e25ea54d65703431487d03bf3cb2533fa3
sourced_000_fm_eq.tcl	11528	2b64f30763790e90a68b21f29d050df8b27a53ee78c4377b5f60a388b0be1162
sourced_001_fm_native_emit.tcl	33770	5bfd16c1dad8438c6fcc6a757b6fa05994a4fb649ed90f595a61cdc3a73a2f7c
verdict.sidecar.json	2383	f8e79bfc4ec5a6ce412b3a4ac3eb3a6ed4f8a34b3d164c6e8561e90302ae4330
