RESULT.txt	295	0dc4c201e2c34c92229dc451c8608a2be0aa3def2047d8b7c42790b82eee95aa
RUNNER_RC	2	9a271f2a916b0b6ee6cecb2426f0b3206ef074578be55d9bc94f6f3fe3ab86aa
StorePipe_impl_surface.sv	7667	e1b171e3e28b581bbd5d7562d15a3dae510d48a259c3bf66d1fc8f64bd61d6ea
StorePipe_ref_surface.sv	7674	b8495c77074b9830d4327de27332ecc09df1a14058dcbddeb89650caba6b2ef0
TOOLS.tsv	2163	74750a742ca06d8ca1a151f3037252d533e54a702ea41f97aa0ab3686899d51f
allow.json	82	3ebce8800652d644b2263c9613d078733d362bdf9bded01bde1d527001f315e8
expectation.json	1145	bd554621682d0f2a81ef813db6306d14afbf461611b4e6ec4ef3e2646d97f21f
fm_log.txt	23431	7ffe0184c755807c6d6f9fd2eb334c6a33e9597f45f896a3c4c6faccdce30c67
fm_shell.rc	2	9a271f2a916b0b6ee6cecb2426f0b3206ef074578be55d9bc94f6f3fe3ab86aa
make.out	1402	70ccc2afd6038142e8b68ab9a8fafdfb94545a6d291f4f10bd69ed14d4ba6ab1
native_facts.json	1515	d75354ab9f178b4a35380c7a68b4325b1a087af009699a80d7ac68a06744f445
probe_nc_unread.list	0	e3b0c44298fc1c149afbf4c8996fb92427ae41e4649b934ca495991b7852b855
reference_kind.txt	431	e90d0ba19b5beab488df16c9c64bf9be4e05f29bf7c9862868436f8a036cb5df
script_closure.list	425	3a3efc68f74970f8faee30ef2e86f290766b53a3438664b49f8b654a84e51a52
sourced_000_fm_eq.tcl	15546	a7fd4397238a9d46a6c6f2cb3ddb809f073cc5a7cb0ca787475bf168781b14c7
sourced_001_fm_native_emit.tcl	39555	decc6ac8af6128600a1df554ab9550735bbe472772a93afb98dfa38302da7972
sourced_002_fm_pins.tcl	1827	261b1a12203e223b287eaecf2a5b2f0f5b1222e0f15932fa325a4cf42ac0aea0
verdict.sidecar.json	2281	2691c4c23133c3712752685cbd4c6c7af1677e3ca833034352ed5a5887c30579
