RESULT.txt	295	7345f28e4e57a5b5fdcaff44c202c729e8890a85b0c57f0368b817616b9c0a46
RUNNER_RC	2	9a271f2a916b0b6ee6cecb2426f0b3206ef074578be55d9bc94f6f3fe3ab86aa
TOOLS.tsv	1890	202d40bc5f85beeb328d3d0974dd6fe343db9567a55ccaa77da2edbd091d6cf3
allow.json	690	dd38b1f8ee71d49882e369865b48d7a653d6fcef9afa490414d78fcd3f2ed84d
dead_ref.json	208674	7172797f6a34b530e15f959ba573e0ddbb1918ffc5ba799fcc5b14b6b06f6b76
expectation.json	1674	6daa975d8a6097d321f36b0c743c9ddd2a3bc700f020b33602d7b3ae36af08eb
fm_log.txt	222122	f90abfc592c3e4a810db2f722f66a2af867a3f5b2816c24c0d39698a186e27e8
fm_shell.rc	2	9a271f2a916b0b6ee6cecb2426f0b3206ef074578be55d9bc94f6f3fe3ab86aa
make.out	7670	e49ee9ec574d3943dfb551ed65901c8e7159b1eaddf0a1c9e604bdc25b6f4c7d
native_facts.json	20139	800a18c2b81f23918ede1653c132d8d7827089087a9e507de03106449d50eaa9
probe_nc_unread.list	0	e3b0c44298fc1c149afbf4c8996fb92427ae41e4649b934ca495991b7852b855
script_closure.list	424	d764ddc765ad9ae49bbbd9953e4f4c02d28482a2e584f07f00003f8774d8b34b
sourced_000_fm_eq.tcl	13877	3be4ef2ae79ae92049723b169e43f883a16e0d2860596f09fd6ac50bf1553160
sourced_001_fm_native_emit.tcl	35910	f2cd9feaf192ca0687dee6abfbdd45e61c5db1c3a2b582cd73ee8b294c21015a
sourced_002_fm_pins.tcl	1573	a64a1b3be5f555d716f2fe34fe983dea42d9ddbcd0a664e8269faacd9c48cac5
verdict.sidecar.json	21301	7b1984437a6ac285764ad73097b4e8375f2ef2aed6ec23ac7b29b125d6dc1791
