RESULT.txt	309	ef817e544884debeac85652a9064459860fccf7e6f52be8cb124d61331f8e6a4
RUNNER_RC	2	9a271f2a916b0b6ee6cecb2426f0b3206ef074578be55d9bc94f6f3fe3ab86aa
TOOLS.tsv	1883	a9588a6a7e3f9038baf17e58defca6afe733dabb9fd8aa553491d6face33df39
allow.json	8620	09b441e717701fd13ef2aaec653804b4daa8774d954d212ece907e9fa260ac16
dead_ref.json	1638	8eec6627179445593680bdc1e4b4023b267646a56c32d7da00767d1fb0827127
expectation.json	7882	3037ed2a44ebf5ab016dc880464eda71b70fd3e4776c07f97fb211716428ea9a
fm_log.txt	33887	197a7552f220615950e52938848e1268855598e7667284dd36c0035b5cdaa9b5
fm_shell.rc	2	9a271f2a916b0b6ee6cecb2426f0b3206ef074578be55d9bc94f6f3fe3ab86aa
make.out	2863	cc84ecd734bfb86189c4356b4badc3c9b8ce525b2da5974ed13b1de879f862e6
native_facts.json	12444	750ed817a6acf3cb31b42960c710ccd3dbb9dac6e369fe82980d1e48122fdcaf
probe_nc_unread.list	0	e3b0c44298fc1c149afbf4c8996fb92427ae41e4649b934ca495991b7852b855
script_closure.list	431	253c453a0214f6205e179089e4d608c39cbcc23a964dadac19802b42cf885ce3
sourced_000_fm_eq.tcl	13921	ab3015685efff5c9fba8f2b036e752d83bfc4f83fa8d72e7ad65c2852a72454c
sourced_001_fm_native_emit.tcl	39555	decc6ac8af6128600a1df554ab9550735bbe472772a93afb98dfa38302da7972
sourced_002_fm_pins.tcl	2002	6af40ca99adf96bdd7050e362d71eb40240141c834732dd8bd61cbe9889bb51e
verdict.sidecar.json	13413	0607fe23dc1dc0ca43c565fab229f6bfea6e1a43f31095d5ab9364e74169cbf0
