RESULT.txt	304	743d4ccf8c57def1a62c9ee3d34ea59b3898da0eb4249a1283dd41e92e7ed879
RUNNER_RC	2	4355a46b19d348dc2f57c046f8ef63d4538ebb936000f3c9ee954a27460dd865
TOOLS.tsv	1446	f99794b875139bae7ed93afb36a73ddf73e5815f10c4567eb80a72566a74644c
allow.json	82	3ebce8800652d644b2263c9613d078733d362bdf9bded01bde1d527001f315e8
expectation.json	1162	39149e18e40639db0b1effacc84dea8c3966237cacdbf7618ec1cbefeb279d4b
fm_log.txt	30532	ea3fe6ba3221d1b153a889591c3a94f33cd0e8c916605f58ba96833f5228db44
fm_shell.rc	2	9a271f2a916b0b6ee6cecb2426f0b3206ef074578be55d9bc94f6f3fe3ab86aa
make.out	1042	a14a826f1d25ae955ec4b5f3e6fa1351c514b5644dee23e294e4af524d64bb5f
native_facts.json	8116	07ad7de15c45515e4bc3f48574535991f57fa09c584c3ab50c053bde7ad80f74
probe_nc_unread.list	0	e3b0c44298fc1c149afbf4c8996fb92427ae41e4649b934ca495991b7852b855
script_closure.list	282	8cdd81c19bdd4a6fb61d30586fd4bffcee18417e6cc8fb172d59a8906cb26b28
sourced_000_fm_eq.tcl	11528	2b64f30763790e90a68b21f29d050df8b27a53ee78c4377b5f60a388b0be1162
sourced_001_fm_native_emit.tcl	31981	8c77b3f84fe02b4661b8f520370546156e0f97cd3762c80629a55c04c7e1f251
verdict.sidecar.json	9103	7fb42ea221860d0e8bac1c148398ec5c590ce748af89846a22af51585c7c6e99
