RESULT.txt	291	da4b7f99c7bb5eb6fe48eef9183b3e54ffa6a448a52345ab6f12a5922d7c5343
RUNNER_RC	2	9a271f2a916b0b6ee6cecb2426f0b3206ef074578be55d9bc94f6f3fe3ab86aa
TOOLS.tsv	1595	aff7287399b42d49f994e5782ea3851e6de43031b3b2c6e97a353d91783c5b70
allow.json	82	3ebce8800652d644b2263c9613d078733d362bdf9bded01bde1d527001f315e8
expectation.json	1129	af3984daa71425395ae0c5c76e8a372a79c2f86cc901a624e95696fe660e818d
fm_log.txt	22058	f27f816353f1eee11a6384bcd64e3a27c0b6b9cbdfb5e8320b1e37fff1712d33
fm_shell.rc	2	9a271f2a916b0b6ee6cecb2426f0b3206ef074578be55d9bc94f6f3fe3ab86aa
make.out	1796	1743965474ac75321ff47b703a54d0b68f512faaf36f40d2312910b9930b0025
native_facts.json	1505	c97e091de9d75324941982ce5020d60d80eec35888276a2042d1036874680d3c
probe_nc_unread.list	0	e3b0c44298fc1c149afbf4c8996fb92427ae41e4649b934ca495991b7852b855
script_closure.list	282	32a6104ee26558f08bb010390f70c1729d45d51172d858810c132fe810341b66
sourced_000_fm_eq.tcl	13877	3be4ef2ae79ae92049723b169e43f883a16e0d2860596f09fd6ac50bf1553160
sourced_001_fm_native_emit.tcl	35910	f2cd9feaf192ca0687dee6abfbdd45e61c5db1c3a2b582cd73ee8b294c21015a
verdict.sidecar.json	2267	89a8b5d696515d3073785f8733c143ee2d2b422bdc30ca63b42d0b15bab0a3e7
