RESULT.txt	291	7068a9fd16994c7859a1ce54db99196b1882eb67abfd6b898b7b2e80a56f522c
RUNNER_RC	2	9a271f2a916b0b6ee6cecb2426f0b3206ef074578be55d9bc94f6f3fe3ab86aa
TOOLS.tsv	1596	dc0107612e4779a0545106a7c58b4ea81973ac93588a664c91c038d3bc690778
allow.json	82	3ebce8800652d644b2263c9613d078733d362bdf9bded01bde1d527001f315e8
expectation.json	1130	628289423f63f888666f335af951bd87bc1e94ea5a6fd7ac52ef66562ecff431
fm_log.txt	18907	ae552a2c5ff27e585d0e5e014b556cd7c49c3e0e182a878d4c6286fca9b61703
fm_shell.rc	2	9a271f2a916b0b6ee6cecb2426f0b3206ef074578be55d9bc94f6f3fe3ab86aa
make.out	1014	34fc4b441a8424aaae364370e606b28d6fb0f219fc8a3e32bac42cab979eb5ba
native_facts.json	1505	545082fcb5dbbfada5edb9f89578b26da694615e4260792da2c0777f0769d9af
probe_nc_unread.list	0	e3b0c44298fc1c149afbf4c8996fb92427ae41e4649b934ca495991b7852b855
script_closure.list	282	e5eb9fe19689fe837d433b2241d220bc45ce942e2169d2df2f978a60012b8c62
sourced_000_fm_eq.tcl	13877	3be4ef2ae79ae92049723b169e43f883a16e0d2860596f09fd6ac50bf1553160
sourced_001_fm_native_emit.tcl	35910	f2cd9feaf192ca0687dee6abfbdd45e61c5db1c3a2b582cd73ee8b294c21015a
verdict.sidecar.json	2267	78c025064b570b6f2252e60e8d4de2d275e8785569569efc2fe1de8fee286ae0
