RESULT.txt	313	750adda54041f799dc1e2391b30d62dffe675bbdefe632ca7ffe3287972973b7
RUNNER_RC	2	53c234e5e8472b6ac51c1ae1cab3fe06fad053beb8ebfd8977b010655bfdd3c3
TOOLS.tsv	1595	b1130b64bc42a411e9c051e30b090abc320b9ccd04f92e83e766d352a162a103
allow.json	82	3ebce8800652d644b2263c9613d078733d362bdf9bded01bde1d527001f315e8
expectation.json	1142	53b00322f63d3cdd62ec92146cf901724b7937cfd45f250200aeba64580b4a48
fm_log.txt	19112	1f3ec59a667d535c67f4e8c0797f38d06d365ba655c2090c7bb7476beb8adadb
fm_shell.rc	2	9a271f2a916b0b6ee6cecb2426f0b3206ef074578be55d9bc94f6f3fe3ab86aa
make.out	1093	174be7b982c044768560f2971a14ed4a3bfc26e924316a1eba1a370a20eb9fa0
native_facts.json	1510	6fe02a7f377b68f79bae91db04910b6247ba85edfa40659295d866e4e77efe90
probe_nc_unread.list	0	e3b0c44298fc1c149afbf4c8996fb92427ae41e4649b934ca495991b7852b855
script_closure.list	282	78dddba7d20f571e1e7da281b570e1886f91d2c1e9ea23435c9ba0c8b5069505
sourced_000_fm_eq.tcl	13838	b41a038d7623a741421509e843a7552ade0fee0d11be5284ad7208a12b9ea293
sourced_001_fm_native_emit.tcl	35910	f2cd9feaf192ca0687dee6abfbdd45e61c5db1c3a2b582cd73ee8b294c21015a
verdict.sidecar.json	2278	0badbfb29dd080e5b270108cfd806bfaa4a194d26f632a295a9c177ca4f4e7c9
