RESULT.txt	295	8a3e24f2862996410203f6cb6f24c6f6236912fe886665cb1f0d3f3782a66517
RUNNER_RC	2	9a271f2a916b0b6ee6cecb2426f0b3206ef074578be55d9bc94f6f3fe3ab86aa
TOOLS.tsv	1536	583cd22e0d0cc931c0e7f9b0c6a917cdfea215dc65f1b8b8a3230772f56754b8
allow.json	213	154315fd2b686a22945740a6a7de8ce1879be10ea717db9c3ec5638704a0dadc
expectation.json	1280	772365c30f3f7982c18503026ace77045d8c826e645ddefd6c2e5a5658b850c4
fm_log.txt	21547	9782d775f5b2aba7f351920b3b6cc6531322bc626f00b85f338f825ed39f1ba3
fm_shell.rc	2	9a271f2a916b0b6ee6cecb2426f0b3206ef074578be55d9bc94f6f3fe3ab86aa
make.out	2161	424d59d2dd2807bac222901c5eb5a323e604ed2124173c15c0665cf6d75e242e
native_facts.json	1716	3c5e3645aad57814e1174ed92dd3c94148369ed02fc943a0940cad48a49e528f
probe_nc_unread.list	0	e3b0c44298fc1c149afbf4c8996fb92427ae41e4649b934ca495991b7852b855
script_closure.list	282	bb83408e3061a9398a7e7c59fc068a5a37addd153a6b31dff69de442d4d4d157
sourced_000_fm_eq.tcl	11528	2b64f30763790e90a68b21f29d050df8b27a53ee78c4377b5f60a388b0be1162
sourced_001_fm_native_emit.tcl	35762	e256a5e32181b5cb8b8a3c838f056d15b4e31e832a6e7f60727c63863438ab2f
verdict.sidecar.json	2485	eb0394067fd6c26ae2481ad62985dd9a89480d9c35fc8da42a01300169a6eb91
