RESULT.txt	289	c7782296ff95237322f980da2d41edce8d655a8d189aaeeb3680e0ef6c7e8c7a
RUNNER_RC	2	9a271f2a916b0b6ee6cecb2426f0b3206ef074578be55d9bc94f6f3fe3ab86aa
TOOLS.tsv	1652	8e7ec300b355a8631044e7b8bf5ac64dec4be1f49ad4172b61bf5391f900e76c
allow.json	215	9f61131e5491ec232812059a1577af2bdcfc847d106f8925374178da32e67269
expectation.json	1248	3baccd5a9d697daaacf51cf40a419ba9802397b5ab0a0e5462464906932d4e3d
fm_log.txt	27460	1a5224b0491dcd4e939c935aa3aa9654ea318e7cf42a3d357a02377ce07ee13f
fm_shell.rc	2	9a271f2a916b0b6ee6cecb2426f0b3206ef074578be55d9bc94f6f3fe3ab86aa
make.out	4445	b076566e16d97a54b6837b7849128f66854d8a40b3fc910713ed3965fa4b5554
native_facts.json	1665	8e03a4e9c5d59f866f46fb49a07f0bea76aa1d42efc8ab454d3227e48cba421f
probe_nc_unread.list	0	e3b0c44298fc1c149afbf4c8996fb92427ae41e4649b934ca495991b7852b855
script_closure.list	282	008afb539b560d89f743a677a43206455dd4004fd9f005e91ef19ddfb265adc1
sourced_000_fm_eq.tcl	13893	0d61d9b6e9ad728319087129c9d831786ca83100f859f7eb9c925786b246ce3a
sourced_001_fm_native_emit.tcl	39555	decc6ac8af6128600a1df554ab9550735bbe472772a93afb98dfa38302da7972
verdict.sidecar.json	2428	b6a514380f65d2006b8234300da8b44d3b1d352e2a5fc110f282b576da098009
