RESULT.txt	311	c5a5292e6edbb78ab24192b6f7051e33c159d62455fb1da989273a6a26dfa4b0
RUNNER_RC	2	9a271f2a916b0b6ee6cecb2426f0b3206ef074578be55d9bc94f6f3fe3ab86aa
TOOLS.tsv	1606	6010af4ef3fcc89ead99ebb4085b063e36267ea3db02710b44190440f50b64f9
allow.json	82	3ebce8800652d644b2263c9613d078733d362bdf9bded01bde1d527001f315e8
expectation.json	1170	0a48bba87150e1adc14e06556526ee3010e6d71844efda85e106948618eb7d3a
fm_log.txt	19378	1cc013921778fab69917f76955c000b1b6779022ff33a0a603790966b4b531be
fm_shell.rc	2	9a271f2a916b0b6ee6cecb2426f0b3206ef074578be55d9bc94f6f3fe3ab86aa
make.out	1107	0abf55a5ac4d1ff463747d8279793dfecb1fe6cbc9c4004eee84fbaa0ccc723b
native_facts.json	1524	318bbe075c0a8e9930fdc5f5e98b73c3093b5e62ee9dce05ce03b769164b7182
probe_nc_unread.list	0	e3b0c44298fc1c149afbf4c8996fb92427ae41e4649b934ca495991b7852b855
script_closure.list	282	ab711f816c76ac7474a1c2146fd4764a6b2e88d8f6f5e7d2575ae4dc7c32d264
sourced_000_fm_eq.tcl	13877	3be4ef2ae79ae92049723b169e43f883a16e0d2860596f09fd6ac50bf1553160
sourced_001_fm_native_emit.tcl	35910	f2cd9feaf192ca0687dee6abfbdd45e61c5db1c3a2b582cd73ee8b294c21015a
verdict.sidecar.json	2306	9bb4b2b6e5e1cdd45f8f61cf58ec36ef5a5697508d6147c95bcae913de0e7729
