RESULT.txt	318	a1a06c52a2b035cb95bf92809cbf8cd0bde809ba6d49edf42321c54e9e84e873
RUNNER_RC	2	4355a46b19d348dc2f57c046f8ef63d4538ebb936000f3c9ee954a27460dd865
TOOLS.tsv	1453	4a5c31cd8191b6db1ffed48279389d7aac63b2cd9d3109f8b42c0a231fe9149d
allow.json	82	3ebce8800652d644b2263c9613d078733d362bdf9bded01bde1d527001f315e8
expectation.json	1190	2cab2d28051246d0f6f8d88b66dd71ec5512eac34b9bd75d1925c784d4fefa5a
fm_log.txt	19684	18f2713fed3fa962e1d13d05f6eea100f2d4afd86095457b46f6699f3b470490
fm_shell.rc	2	9a271f2a916b0b6ee6cecb2426f0b3206ef074578be55d9bc94f6f3fe3ab86aa
make.out	1755	fd26f8a781e51a96487f0eeb48160f41d7883920b084f5f20f34012fa6339c63
native_facts.json	133988	253e62be020446ec8b0d1b7db4676ee50a45be3d19f2c60dee2c66f76b2943d3
probe_nc_unread.list	0	e3b0c44298fc1c149afbf4c8996fb92427ae41e4649b934ca495991b7852b855
script_closure.list	282	7356a356198bce692607c16f16e95f2ea9b914beea2adfab87379413f7454d21
sourced_000_fm_eq.tcl	11528	2b64f30763790e90a68b21f29d050df8b27a53ee78c4377b5f60a388b0be1162
sourced_001_fm_native_emit.tcl	33770	5bfd16c1dad8438c6fcc6a757b6fa05994a4fb649ed90f595a61cdc3a73a2f7c
verdict.sidecar.json	136243	01da8bb778afd2a63af83af44ceb78331559fbd508f8aa85370b45ff6db2e366
