RESULT.txt	287	9f0e38e17602f0c8341dd1d78f8226473f4e2407eb99e6309a1844565f379369
RUNNER_RC	2	9a271f2a916b0b6ee6cecb2426f0b3206ef074578be55d9bc94f6f3fe3ab86aa
TOOLS.tsv	1677	a33d7087f2956b030dbf8c45625c1662f6a569c79993f56593444034b3d34c3f
allow.json	243	6e3390c8cfdf9365ca63a774c217d90fb24040184b198c3378d85b7e2c8949f0
expectation.json	1264	8b1d0bc290cfd94a95f9722b3c206cfb2150518e0a827776f6f920bc7cac6e76
fm_log.txt	30157	984152cd53b16353b6c9ed3ddc0a522e9098e01e29af9c365d66d97f108fe00e
fm_shell.rc	2	9a271f2a916b0b6ee6cecb2426f0b3206ef074578be55d9bc94f6f3fe3ab86aa
make.out	4316	22b98a16d46db0ccc1f04581976402546d5678cce0dd7a0c8ecf8475f6e176e1
native_facts.json	1688	d3e5513dfd05413cbb5ce5dbb4f1544ca47f80420c174c38b55d0c5cac4b970e
probe_nc_unread.list	0	e3b0c44298fc1c149afbf4c8996fb92427ae41e4649b934ca495991b7852b855
script_closure.list	282	0db6df0123e48890d1246c2bba29f7fd6bc9e2e2ae4c205293500b3b6f86fb01
sourced_000_fm_eq.tcl	13893	0d61d9b6e9ad728319087129c9d831786ca83100f859f7eb9c925786b246ce3a
sourced_001_fm_native_emit.tcl	35910	f2cd9feaf192ca0687dee6abfbdd45e61c5db1c3a2b582cd73ee8b294c21015a
verdict.sidecar.json	2449	7b0f80f961db975e34f7cb264baff36af99810e2bc7e25364b936030742b5884
