RESULT.txt	309	3a472e43966647c130dba52f7347fde5a5e373e3a4e698c272c9cd456db77727
RUNNER_RC	2	9a271f2a916b0b6ee6cecb2426f0b3206ef074578be55d9bc94f6f3fe3ab86aa
TOOLS.tsv	1722	da1461764e6331473f72e5f2908f4dbfc1f5d17be0cea18c0fd828e9d121afa9
allow.json	82	3ebce8800652d644b2263c9613d078733d362bdf9bded01bde1d527001f315e8
expectation.json	1166	464c3256913660472b28eada6cdf2b390c4e2b43a53146686bc5a359976a9eb1
fm_log.txt	31735	736e4dd6342acf54d6f6f3e8049429d6868dde28d428c5508b29b47731a48aa2
fm_shell.rc	2	9a271f2a916b0b6ee6cecb2426f0b3206ef074578be55d9bc94f6f3fe3ab86aa
make.out	2325	0d67982cb008dd6a63ede47b3bdedf2e6c091119aad8711fe12c20dece9f0acc
native_facts.json	1523	aff0af49b08ed057ae4f1713a15be5e1250e695a101b89fc6a4ea5e1aefb3ef3
probe_nc_unread.list	0	e3b0c44298fc1c149afbf4c8996fb92427ae41e4649b934ca495991b7852b855
script_closure.list	432	6b21f08d2817bdf6e406ef9f0bb30163b24a29707882bab6de46ea1e2f6c4fcc
sourced_000_fm_eq.tcl	12565	e9f136a08cd71970daf9029567d479ad1e0f0ea18d5fb71ea75f82c238497144
sourced_001_fm_native_emit.tcl	35910	f2cd9feaf192ca0687dee6abfbdd45e61c5db1c3a2b582cd73ee8b294c21015a
sourced_002_fm_pins.tcl	1483	247eea9e780148a3e0c8373640105245a14f4cb364d4f051ab7d0465359f3d51
verdict.sidecar.json	2303	4e594093827e722eb80003800e788b73eb829eee5fa7d253367fcd1b0264435f
