RESULT.txt	294	ce939613b1c77a06a4b482cfaaf094979639408d7891fb782e50576964d1a7b1
RUNNER_RC	2	4355a46b19d348dc2f57c046f8ef63d4538ebb936000f3c9ee954a27460dd865
TOOLS.tsv	1441	a90c07a9ffc5f36b646e6eb1f545792f4d853aac00bbdbd2ae404e008f9289a3
allow.json	82	3ebce8800652d644b2263c9613d078733d362bdf9bded01bde1d527001f315e8
expectation.json	1142	9a160cce9127b5e3d3b851c947e1982dfa386eea81ec92d78912b912aa68e23d
fm_log.txt	18212	d0aba96c81f5b43347a063a03ab12a1da6b4c11ab1e96c9496cea971772a9584
fm_shell.rc	2	9a271f2a916b0b6ee6cecb2426f0b3206ef074578be55d9bc94f6f3fe3ab86aa
make.out	1108	d335ea3097a854afafab267ff614f596c18720f09a68d93ffecd99fe16f2bf86
native_facts.json	1791	c3bcd32759ba085b8c92508d651df0e3825eabea4a72c3c88c755336df7cd71f
probe_nc_unread.list	0	e3b0c44298fc1c149afbf4c8996fb92427ae41e4649b934ca495991b7852b855
script_closure.list	282	9371f6637a880a363dbdc19277305a4a3866c056c4c299425e767919c34ae46f
sourced_000_fm_eq.tcl	11528	2b64f30763790e90a68b21f29d050df8b27a53ee78c4377b5f60a388b0be1162
sourced_001_fm_native_emit.tcl	31981	8c77b3f84fe02b4661b8f520370546156e0f97cd3762c80629a55c04c7e1f251
verdict.sidecar.json	2564	0d5c027ee2f4a6bb25ef40d9f91426f7f2fc2720e70fcf52d74cac73e1dfacd7
