RESULT.txt	313	0ebb9ed7bde0447d7df8a7ed78cb6a4149682891111f956381e0f6a874bbc6a2
RUNNER_RC	2	9a271f2a916b0b6ee6cecb2426f0b3206ef074578be55d9bc94f6f3fe3ab86aa
TOOLS.tsv	1554	c285df19064d9e202bf04bacaba9e9e9592bb04935cfcf75a47ccd3d25eb280f
allow.json	206	988fde5ab6903de2fc0f311fa9eace9ca4afb6d35dd65f389b161946d869a3dc
expectation.json	1298	62a9531bc0605a9d73083a95936556bf09a49044b27894c043358b2f660f2ede
fm_log.txt	18128	776a0c785d2464c3054fef542d47ae8946314e929ab856b0853743c5181617d9
fm_shell.rc	2	9a271f2a916b0b6ee6cecb2426f0b3206ef074578be55d9bc94f6f3fe3ab86aa
make.out	1012	46ad4941071e99cabb238d1d1bbfe9d0d050130d05d67d34c0cfa4ef1d10ef0a
native_facts.json	1706	5da142c9aab65eda632473e8ed9e79f004af999c7fcb98a0e0dfdf0bff197926
probe_nc_unread.list	0	e3b0c44298fc1c149afbf4c8996fb92427ae41e4649b934ca495991b7852b855
script_closure.list	282	ede39daf81dc2690aca651afc709f680569618b3a3333b06331efc565969ac2e
sourced_000_fm_eq.tcl	11528	2b64f30763790e90a68b21f29d050df8b27a53ee78c4377b5f60a388b0be1162
sourced_001_fm_native_emit.tcl	35762	e256a5e32181b5cb8b8a3c838f056d15b4e31e832a6e7f60727c63863438ab2f
verdict.sidecar.json	2493	5532654c8dc2909a5620417280e5c9987d2b7b97142de1b1f7766b18606d41d4
