RESULT.txt	311	2a83bbab43862e3127b54467f352842368dd3b33c3b614319c07e4413371d04c
RUNNER_RC	2	9a271f2a916b0b6ee6cecb2426f0b3206ef074578be55d9bc94f6f3fe3ab86aa
TOOLS.tsv	1708	b8f3d0668e18b67910c3e6dd686a008c2c31f6e30362913bdf15abd3702dff17
allow.json	82	3ebce8800652d644b2263c9613d078733d362bdf9bded01bde1d527001f315e8
dead_ref.json	2914	988f334e01acfd9fe8988ad9d0af144a18b0292ec4dcee986053e6a07299d945
expectation.json	1154	2cd890745f2d451b46989799d915f3ec2faadc60db0b37ed9290f3bc6f374fb6
fm_log.txt	20805	47b7f0a84ce1406ab20566286ee57f499fecb9b4b41fe4a944d3f3761ef10646
fm_shell.rc	2	9a271f2a916b0b6ee6cecb2426f0b3206ef074578be55d9bc94f6f3fe3ab86aa
make.out	1805	64bb0988a048a517fa8caac9bc1546207753d3a14af576f379570677e4ecd4d9
native_facts.json	1674	8e30a6861d65e51a51746319668105e0406005a0d4bdb381b399e9de10bcde92
probe_nc_unread.list	0	e3b0c44298fc1c149afbf4c8996fb92427ae41e4649b934ca495991b7852b855
script_closure.list	282	f0d31bd7289bae282aed82f5f29b956fa5c972938e9576e72b9b4fab59276c31
sourced_000_fm_eq.tcl	13866	a87b76f3648445edba3a3606016766da9969f02b2be472d3f5429e224e14a04e
sourced_001_fm_native_emit.tcl	35910	f2cd9feaf192ca0687dee6abfbdd45e61c5db1c3a2b582cd73ee8b294c21015a
verdict.sidecar.json	2451	60de6a3b9a9bd5dfabd5402c1a50fca6c1dafd8ed8cac84d6381b4b957b57b17
