RESULT.txt	315	eed30bfa1e80e69f523182d683bc801f2bae55adb20bf87c7bd01f754c712978
RUNNER_RC	2	9a271f2a916b0b6ee6cecb2426f0b3206ef074578be55d9bc94f6f3fe3ab86aa
TOOLS.tsv	1764	40d8314d012a24bccd2c065ccd4c4a1cd190f76fd7b5bded231575d0da687e8b
allow.json	82	3ebce8800652d644b2263c9613d078733d362bdf9bded01bde1d527001f315e8
expectation.json	1178	adfee9c6b853cbe021717457a722a984b6e7febb37d20f38bf708b7f9975f4ec
fm_log.txt	20897	7c317a8d622b933ccbe478bec78f6a1639a3e8a16fa398b32e485e85cfc5d5c5
fm_shell.rc	2	9a271f2a916b0b6ee6cecb2426f0b3206ef074578be55d9bc94f6f3fe3ab86aa
make.out	1135	331f4ececcafa51827ad2f62601ef5e920181e27d462a0ddadb3127b5ed41c3e
native_facts.json	1527	72992aadb320127ed694b6a93250d9d5fddbcd46e475fb7f7751bc8b49bf0496
probe_nc_unread.list	0	e3b0c44298fc1c149afbf4c8996fb92427ae41e4649b934ca495991b7852b855
script_closure.list	282	600722b8367e5006e50a2c107449da7b191b6d32c03a6b157960c86b1142d938
sourced_000_fm_eq.tcl	15559	9abe34eb15a1d2fd4325043697a7130312b8223f68d3fa9b5b925a77d37b247d
sourced_001_fm_native_emit.tcl	39555	decc6ac8af6128600a1df554ab9550735bbe472772a93afb98dfa38302da7972
verdict.sidecar.json	2313	93b0e87d87385d68c3eadb589e74d6035a70d9eda56f561fc26f00b18d6ea4dc
