RESULT.txt	240	9f15fe6faf1fbcb630f47e6088ed678b10990fcd00333f0645f958f72e9eaec6
RUNNER_RC	2	f0b5c2c2211c8d67ed15e75e656c7862d086e9245420892a7de62cd9ec582a06
TOOLS.tsv	1712	54d29f02db3f8021dedb7e0ae791fceb6a86715e75ff485496f461deab1d0adf
allow.json	82	3ebce8800652d644b2263c9613d078733d362bdf9bded01bde1d527001f315e8
fm_log.txt	13100	425787453406ff168bf23eeec013dcda741df8e4af4931344d9dc714c369f1ad
fm_shell.rc	2	4355a46b19d348dc2f57c046f8ef63d4538ebb936000f3c9ee954a27460dd865
make.out	1178	dcebb6956874a64fc2b8cfb96f4d917d8ef353677adc9abe549876b9f1a70b47
script_closure.list	437	ac2959aa5f40ac514f213dc78e6cbfd7e31c8208955b31ae63086aac7cb8889b
sourced_000_fm_eq.tcl	13877	3be4ef2ae79ae92049723b169e43f883a16e0d2860596f09fd6ac50bf1553160
sourced_001_fm_native_emit.tcl	35910	f2cd9feaf192ca0687dee6abfbdd45e61c5db1c3a2b582cd73ee8b294c21015a
sourced_002_fm_pins_pre.tcl	1384	e434d214454b04e029d9f8343fb55ca0763013770d667fa9592e7896f533e50d
