RESULT.txt	309	177b3f16dd4b7dd495c91c352a496a05bd86164d5d6b9e23e234e06e413dae7f
RUNNER_RC	2	9a271f2a916b0b6ee6cecb2426f0b3206ef074578be55d9bc94f6f3fe3ab86aa
TOOLS.tsv	1605	db203c8dc777120b88b315fb4776028a83cf9b94238fffa89b2fe57e756e9d8e
allow.json	82	3ebce8800652d644b2263c9613d078733d362bdf9bded01bde1d527001f315e8
expectation.json	1166	3a4b4f1427bae5f2022c7959ac565d3499427ec4e7023362237c8d640b2861e2
fm_log.txt	19586	5ffa921b11bf945d81c32af19ecae2b7e17cf2eac36ac6ccabd3f67a4c5fe59a
fm_shell.rc	2	9a271f2a916b0b6ee6cecb2426f0b3206ef074578be55d9bc94f6f3fe3ab86aa
make.out	1103	c7e2b0ed48393ee9757170ec8404cd2a29bed1f23f028bf195c961461003dee4
native_facts.json	1523	37b0be405a7e0a02d5df790ac7bd3c3a7501ad666d96f4f1d88d6de2332932fb
probe_nc_unread.list	0	e3b0c44298fc1c149afbf4c8996fb92427ae41e4649b934ca495991b7852b855
script_closure.list	282	a8c0567d4621cd330967c06c45e889b000f0745770ab56766dce0cc723f327c9
sourced_000_fm_eq.tcl	13877	3be4ef2ae79ae92049723b169e43f883a16e0d2860596f09fd6ac50bf1553160
sourced_001_fm_native_emit.tcl	35910	f2cd9feaf192ca0687dee6abfbdd45e61c5db1c3a2b582cd73ee8b294c21015a
verdict.sidecar.json	2303	a74446f75057ae5e81ceb11ee6cd1a8dd3233a7b0c675e353e81346ed2db1815
