RESULT.txt	307	1af30b8d0711077e78360be7de443dec1d654539d9926a9921e9ac2e1b4b90c2
RUNNER_RC	2	9a271f2a916b0b6ee6cecb2426f0b3206ef074578be55d9bc94f6f3fe3ab86aa
TOOLS.tsv	1787	282c53b97104b5499025e2db51058d0b29018eb262516279a06e40e9d076c73f
allow.json	82	3ebce8800652d644b2263c9613d078733d362bdf9bded01bde1d527001f315e8
dead_ref.json	6413	25196018d9063ee072c4a8a5f416bab99f378f0fb13fbc4aab4d9e8f5264e33d
expectation.json	1146	28465c92cdccfba7df971709a7c99a2a7d551295d39d71d417c02e980a7b0a8b
fm_log.txt	130872	a8a24c4c77cae2a9d0abdb34f2eed23847d422bfff43c0be4d7c8b3aab598fc7
fm_shell.rc	2	9a271f2a916b0b6ee6cecb2426f0b3206ef074578be55d9bc94f6f3fe3ab86aa
make.out	1850	dc3e4cd10937bf60e35b12c2e23bd69126f5be3226b84f8b6b73369801a281b8
native_facts.json	1938	aa2f3d7145177a1e8174259b16dbca9ce9b9d2f2e05a6184182b49fa0c738cf7
probe_nc_unread.list	0	e3b0c44298fc1c149afbf4c8996fb92427ae41e4649b934ca495991b7852b855
script_closure.list	427	ffc08deacf6fa822458de52c172068a430072d9fd15be6fe7aa8672d3ae589f0
sourced_000_fm_eq.tcl	13905	c042fed8c3ec3a4089c91706d17ecfda6f2ae42e9fd83bbbf2a1db2883d53871
sourced_001_fm_native_emit.tcl	39555	decc6ac8af6128600a1df554ab9550735bbe472772a93afb98dfa38302da7972
sourced_002_fm_pins.tcl	4270	1871465c32ed1ce4c4f92601761e23a3afc88a673fb55ad805f4633313121080
verdict.sidecar.json	2719	ca6ce7d74fca0568189ac4e7b6d3698e99f652cfd5cc8f73ddf8e520aad72cb8
