RESULT.txt	293	5f4efe1d6b3b4603b120a80764a138bce4690d02360d83a114d8f3da3e7fe49e
RUNNER_RC	2	9a271f2a916b0b6ee6cecb2426f0b3206ef074578be55d9bc94f6f3fe3ab86aa
TOOLS.tsv	1597	6c6ed567366f1e2606841551494238f5277f5269eed4a1fa19b426da668161be
allow.json	82	3ebce8800652d644b2263c9613d078733d362bdf9bded01bde1d527001f315e8
expectation.json	1134	0e4f60850998826dbb7f1408bc6b3b5871967b1c6db4fd9c799a4105bc1c1ad6
fm_log.txt	18716	5f5123f0db5ce5f81b5a1dd81441e3ceb20a8401141de239a0b39d802a884fd3
fm_shell.rc	2	9a271f2a916b0b6ee6cecb2426f0b3206ef074578be55d9bc94f6f3fe3ab86aa
make.out	959	487e030103e7f76f4af66dded49bc87e74ac785c5f0f20b68de1a99be8623f6f
native_facts.json	1504	83dbb2a5732d88cbf62365404c28a29b9d0cd97af4317fdc8a0645ddd5b96e99
probe_nc_unread.list	0	e3b0c44298fc1c149afbf4c8996fb92427ae41e4649b934ca495991b7852b855
script_closure.list	282	42d0752afe5746ea8cdc0b8963551e87cd5390ca159fa910d9ecf7071e5b57c0
sourced_000_fm_eq.tcl	13877	3be4ef2ae79ae92049723b169e43f883a16e0d2860596f09fd6ac50bf1553160
sourced_001_fm_native_emit.tcl	35910	f2cd9feaf192ca0687dee6abfbdd45e61c5db1c3a2b582cd73ee8b294c21015a
verdict.sidecar.json	2268	9e4d1b7a59de16a749dc855d09286b634aecdcc0619cb44066b3c3af455a0e76
