RESULT.txt	303	60ab819cd7e835c66811eef010a3c22e33aaf412f8ee3e859316d0e48d3b021a
RUNNER_RC	2	9a271f2a916b0b6ee6cecb2426f0b3206ef074578be55d9bc94f6f3fe3ab86aa
TOOLS.tsv	1598	37f34f03002bc63ca0131bdc9a1d74b1003f3c499148bc02d33b1d75c07f4f23
allow.json	82	3ebce8800652d644b2263c9613d078733d362bdf9bded01bde1d527001f315e8
expectation.json	1154	5a2492515597f126d2a41c325c293de8520c1c6829b217c79429695df1b49a3b
fm_log.txt	19427	d97ec968f160f9de2c3858bd0ac26d9b34c19990d326b8c9941f7e533aae4a6a
fm_shell.rc	2	9a271f2a916b0b6ee6cecb2426f0b3206ef074578be55d9bc94f6f3fe3ab86aa
make.out	1370	a1de1e82286e0a7464241e7f4bda066eb555b16e9387d50c43d5a177e6a86ef3
native_facts.json	1516	e48994e7559f0178fcc8d141b7b1890b69d38cc27fe3540bd940b71a8d774381
probe_nc_unread.list	0	e3b0c44298fc1c149afbf4c8996fb92427ae41e4649b934ca495991b7852b855
script_closure.list	282	3534896f5b0e440bfa56a02d2e87ba35f9547270bd1b48e93968f028f7157072
sourced_000_fm_eq.tcl	13838	b41a038d7623a741421509e843a7552ade0fee0d11be5284ad7208a12b9ea293
sourced_001_fm_native_emit.tcl	35910	f2cd9feaf192ca0687dee6abfbdd45e61c5db1c3a2b582cd73ee8b294c21015a
verdict.sidecar.json	2290	f14b3be9a0f70f4a5def9b9557bd138bc24c30b8226f33d23731c9b521f6e402
