RESULT.txt	299	eedf8b6ab9a08156c159a2021d9a48308d106f6a9488463f38a7038f2f87becf
RUNNER_RC	2	9a271f2a916b0b6ee6cecb2426f0b3206ef074578be55d9bc94f6f3fe3ab86aa
TOOLS.tsv	1582	03a50943b61a0a0284eed4ce4e55a8f1a3f17abcc93602e88ce95f143f7fa132
allow.json	82	3ebce8800652d644b2263c9613d078733d362bdf9bded01bde1d527001f315e8
expectation.json	1146	86c684c105e658bdb4e7cce25111a2da543d19034a7f2744bf91264f66b643b7
fm_log.txt	31345	308bc8f9633debe91b0ed9f953593bb2130c0c62a82a9887f689ce3a956a93be
fm_shell.rc	2	9a271f2a916b0b6ee6cecb2426f0b3206ef074578be55d9bc94f6f3fe3ab86aa
make.out	5035	34b7abb97b84232294df9340bc9014ce5edb4c37933bb6e16d9d78b1d9dec8a0
native_facts.json	1514	91b55b463b3fa8e42e0e75e9eee12a7b98b9a601b08aa383ca0b5e65c0908b17
probe_nc_unread.list	0	e3b0c44298fc1c149afbf4c8996fb92427ae41e4649b934ca495991b7852b855
script_closure.list	282	1cc11625d5569397ea278100ae33f5f7b8c9a4450a8312724a3a4b05fbb7eafc
sourced_000_fm_eq.tcl	12872	021cea438edfda1d0beb984d5e81110264a86538aa118e739596a63e00fd5440
sourced_001_fm_native_emit.tcl	35910	f2cd9feaf192ca0687dee6abfbdd45e61c5db1c3a2b582cd73ee8b294c21015a
verdict.sidecar.json	2284	57a9989387663af25b0e756baf1c7710839ca4ec3625951dd61d2e924c90e6ef
