RESULT.txt	300	d85fa46432f875519d94a95eb39d1a265baeb7b5bcaf9ee07cf8b1224905f0a0
RUNNER_RC	2	4355a46b19d348dc2f57c046f8ef63d4538ebb936000f3c9ee954a27460dd865
TOOLS.tsv	1444	1c78a2bc461b975963b6c3db5eeaf54d28dee271d21042adfd9661401cd9d774
allow.json	82	3ebce8800652d644b2263c9613d078733d362bdf9bded01bde1d527001f315e8
expectation.json	1155	96f9d746f426885c2b6c039ff076fd2680fee0a96da5caa783057a1de0595f83
fm_log.txt	21765	46fabe5a28f0de4ca2eb795b8da830199db713049359a0f730851b114700c093
fm_shell.rc	2	9a271f2a916b0b6ee6cecb2426f0b3206ef074578be55d9bc94f6f3fe3ab86aa
make.out	2478	20ad44deb823647a3f29d8d05a79d3fb75093ab63032d06c55e973aeed6d081e
native_facts.json	13314	e0138d5291d1ae993b691a2126c89f954e95d789b605098bc073ad0d7b9002ac
probe_nc_unread.list	10484	1cb52675feb548426b63525251ee26736787713c961f1b5e60afd4d6a333fe0b
script_closure.list	282	21f3a5cf3ebdd5eb2bd32a992eb1cc06d26a0c2464b5f4a1e0f7bb38c03095cc
sourced_000_fm_eq.tcl	11528	2b64f30763790e90a68b21f29d050df8b27a53ee78c4377b5f60a388b0be1162
sourced_001_fm_native_emit.tcl	34809	12512af6aa5f0bea8287dcccf63dbf5df4d2de0ec49216c552f560b5014fc829
verdict.sidecar.json	14315	ebbd0f79484b04e67d4dce72e074e8f95e8a965024fa76cf043b9ae297ee6fc7
