RESULT.txt	304	2a6ade6b8054fc61bc8eec0220c3ae92c8cd2ea022e5d1de70e0bab318bfc002
RUNNER_RC	2	4355a46b19d348dc2f57c046f8ef63d4538ebb936000f3c9ee954a27460dd865
TOOLS.tsv	1557	4ae6903f25303dbd91b145ff78a18c5d2c2b45cc780e6f23ec25ef36f5eb17d2
allow.json	82	3ebce8800652d644b2263c9613d078733d362bdf9bded01bde1d527001f315e8
expectation.json	1249	8b82cb384e9b802098de537ccba82ce5d34697e6c711593d9d97c4f7af333916
fm_log.txt	2605751	414fc9a817ff6ba278b9b3b2134486939b415b08e795dbfe513f0bebb494467e
fm_shell.rc	2	9a271f2a916b0b6ee6cecb2426f0b3206ef074578be55d9bc94f6f3fe3ab86aa
make.out	1288	add06d0540e0904e661ccf6ffa8d0e5a63d8f8877635f6844e70660f63292f3a
native_facts.json	337931	b248a329b0d6f5c6fb89176b4227fdba660b9360e02846ad434af3bc918994ce
probe_nc_unread.list	13495	345aee6e5b72fc74b3d29598637f31d44499baf5c65710826d3b7e21d072a88a
script_closure.list	439	241d9dff20cb8fd44592d7ac3865a16eab2178902c3d3d6a1be20faf9f7ed35c
sourced_000_fm_eq.tcl	11528	2b64f30763790e90a68b21f29d050df8b27a53ee78c4377b5f60a388b0be1162
sourced_001_fm_native_emit.tcl	34258	166a750ed2833fe1e491914e6f471eb7a0ba33a5891ebbeb87bbe6e6e3ce0319
sourced_002_fm_pins_pre.tcl	3891	82883a01181ee541cc7981d17edbd632e725ee10aa95baf7429469226eca87ea
verdict.sidecar.json	344863	f71cdf550a7314e2c8438386f8c6a6f2230f75ff0bbd6f89be77be98be12b564
