RESULT.txt	263	21b07ea83abf6833ff6de0d7467963c164c682a173a7055e9fa018677bcefea6
RUNNER_RC	2	f0b5c2c2211c8d67ed15e75e656c7862d086e9245420892a7de62cd9ec582a06
TOOLS.tsv	1467	da7f07d7cb73b3457df9275699711d807c209f46ef3c2efbc340ad9624d777c3
allow.json	82	3ebce8800652d644b2263c9613d078733d362bdf9bded01bde1d527001f315e8
fm_log.txt	18462	7ad38f24aecd28df2d6dbafc0989d81a7f3fd70eadbfbb138e091e8f578610f5
fm_shell.rc	2	7de1555df0c2700329e815b93b32c571c3ea54dc967b89e81ab73b9972b72d1d
make.out	1407	e29e536f65d857959b1df83d01cd1b3997baea01d49d14973bf8f2437913735a
probe_nc_unread.list	0	e3b0c44298fc1c149afbf4c8996fb92427ae41e4649b934ca495991b7852b855
script_closure.list	282	1babac39565c2869676c2bc13c6c4e892bab6aacef394a7d4f175e517a4aa4f9
sourced_000_fm_eq.tcl	11528	2b64f30763790e90a68b21f29d050df8b27a53ee78c4377b5f60a388b0be1162
sourced_001_fm_native_emit.tcl	31981	8c77b3f84fe02b4661b8f520370546156e0f97cd3762c80629a55c04c7e1f251
