RESULT.txt	295	7208c3030b3ce3e4ff80f42de3cc8dc98368606dd736e53b15009c3d78ca783c
RUNNER_RC	2	9a271f2a916b0b6ee6cecb2426f0b3206ef074578be55d9bc94f6f3fe3ab86aa
TOOLS.tsv	1598	01b24203bcc410adb4419a52e369fb9d29253241d78845f32a51a21bf775221c
allow.json	82	3ebce8800652d644b2263c9613d078733d362bdf9bded01bde1d527001f315e8
expectation.json	1138	87c7dbcaccffcc4abb0f18e480c8461ef8163c61b4ac9ff27d6f0b0d3c6534a1
fm_log.txt	18921	846f4e8744d31a5b30894136822cd7833ae11a8e0794922286484a3be8719b22
fm_shell.rc	2	9a271f2a916b0b6ee6cecb2426f0b3206ef074578be55d9bc94f6f3fe3ab86aa
make.out	966	c832020eb07487a0674e7156c8a21d4d489f12c81449489eebca3b3abc6bb9ed
native_facts.json	1506	7bb270f85e914def968a04c366ac31aa33239dffcb15c066762f95ceb0b32631
probe_nc_unread.list	0	e3b0c44298fc1c149afbf4c8996fb92427ae41e4649b934ca495991b7852b855
script_closure.list	282	13a356ed3f0279d8f4ce284d26081524b41174b39c4b77a76de3b9f38348faed
sourced_000_fm_eq.tcl	13877	3be4ef2ae79ae92049723b169e43f883a16e0d2860596f09fd6ac50bf1553160
sourced_001_fm_native_emit.tcl	35910	f2cd9feaf192ca0687dee6abfbdd45e61c5db1c3a2b582cd73ee8b294c21015a
verdict.sidecar.json	2272	7e69dc18f7b5fc336b24ca14d13fa64cc362afe6d0872fd6f457730346f2ec4a
