RESULT.txt	301	d7c676e4ade9167fbc6d87aa0c7ac4be51304063007406d6eeda21c5f9043f2f
RUNNER_RC	2	9a271f2a916b0b6ee6cecb2426f0b3206ef074578be55d9bc94f6f3fe3ab86aa
TOOLS.tsv	1542	bd702b79511376a090221ea4e278bdfdcb66609278350048d4a208550bbe2d11
allow.json	236	9b6e08ff3b2638add473f999ccbf68a007444a1e8da34523903a6b5bc84bda0a
expectation.json	1304	cbede851306a84b3bfe7957bdc41ff952b18e6eb9806b78051fc1463ccefe985
fm_log.txt	21625	8a85ec8a49d49cf19071c55a3032432b9dbec7fb309a24c2409dc54d2a9622fa
fm_shell.rc	2	9a271f2a916b0b6ee6cecb2426f0b3206ef074578be55d9bc94f6f3fe3ab86aa
make.out	2186	66af55c27472bc796eb3a1e0c0d5122f68410f5cb0b17d628b7becbca1ab74ca
native_facts.json	1742	200ce5458a0e92c39fa45f62570f2474aee4c5d4bfe6487cd23a2ccedabb794b
probe_nc_unread.list	0	e3b0c44298fc1c149afbf4c8996fb92427ae41e4649b934ca495991b7852b855
script_closure.list	282	e0485047b9015e19403ffaa5fa90bd1f2f89b663efd7d6fda71c508f68d0c012
sourced_000_fm_eq.tcl	11528	2b64f30763790e90a68b21f29d050df8b27a53ee78c4377b5f60a388b0be1162
sourced_001_fm_native_emit.tcl	35762	e256a5e32181b5cb8b8a3c838f056d15b4e31e832a6e7f60727c63863438ab2f
verdict.sidecar.json	2517	653c7255e588fd14f04b217822a9aad38ed7c35aed181b7ea49e06a2382285c9
