RESULT.txt	301	8b6e0cfb964ebef49e824dbe0dd1ad1c9f9b598d7e70c01525f23d24ab037853
RUNNER_RC	2	9a271f2a916b0b6ee6cecb2426f0b3206ef074578be55d9bc94f6f3fe3ab86aa
TOOLS.tsv	1600	585b7ce8337a38b6636e9cb275a185896cfe052e5a735dd61895016e78f894b7
allow.json	82	3ebce8800652d644b2263c9613d078733d362bdf9bded01bde1d527001f315e8
expectation.json	1150	d72af7951b0e88a144a2693c16b77026691c6ff52e636369e91d4d9a6958fa48
fm_log.txt	20375	a72ef4c9ef93481ca88f5052cc724ea9bbd9b9247e376b196161c5a893012621
fm_shell.rc	2	9a271f2a916b0b6ee6cecb2426f0b3206ef074578be55d9bc94f6f3fe3ab86aa
make.out	1392	1485d622046c93fe0b5188c9e7280ce849cca953895147da22e27f3b1c92aaba
native_facts.json	1515	512908808ce0ef08679260653de1c33bbdfd634ca41d7bbda52ee0bac85487bf
probe_nc_unread.list	0	e3b0c44298fc1c149afbf4c8996fb92427ae41e4649b934ca495991b7852b855
script_closure.list	282	2c6f45ccff87f27bc8eba9ea35af72841d2ec8436070a758a7125577dab9bd19
sourced_000_fm_eq.tcl	13866	a87b76f3648445edba3a3606016766da9969f02b2be472d3f5429e224e14a04e
sourced_001_fm_native_emit.tcl	35910	f2cd9feaf192ca0687dee6abfbdd45e61c5db1c3a2b582cd73ee8b294c21015a
verdict.sidecar.json	2287	ffbecf5a7e876ffd8cef1002c1445f61f3b3178050c7e9fbf616c53dcc58877d
