target	measured	class
AXI4Deinterleaver	SUCCEEDED	SIGNOFF_PASS
AXI4IdIndexer	SUCCEEDED	SIGNOFF_PASS
AXI4IdIndexer_1	SUCCEEDED	SIGNOFF_PASS
AXI4Xbar	SUCCEEDED	SIGNOFF_PASS
AXI4Xbar_1	SUCCEEDED	SIGNOFF_PASS
Alu	SUCCEEDED	SIGNOFF_PASS
Arbiter1_InsUncacheResp	SUCCEEDED	SIGNOFF_PASS
Backend	PARTIAL	PROOF_GAP
BankedDataArray	PASS_DEAD_REF	SIGNOFF_PASS
Bku	SUCCEEDED	SIGNOFF_PASS
BranchUnit	SUCCEEDED	SIGNOFF_PASS
BypassNetwork	PASS_DEAD_REF	SIGNOFF_PASS
CHILogger	SUCCEEDED	SIGNOFF_PASS
CLINT	SUCCEEDED	SIGNOFF_PASS
Composer	PASS_DEAD_REF	SIGNOFF_PASS
CompressUnit	SUCCEEDED	SIGNOFF_PASS
CtrlBlock	?	INFRA_ERROR
DCache	SUCCEEDED	SIGNOFF_PASS
DCacheWrapper	SUCCEEDED	SIGNOFF_PASS
DataModule_BackendPC_16entry	SUCCEEDED	SIGNOFF_PASS
DataModule_FtqPC_16entry	SUCCEEDED	SIGNOFF_PASS
DataModule__16entry	SUCCEEDED	SIGNOFF_PASS
DataModule__16entry_12	SUCCEEDED	SIGNOFF_PASS
DataModule__16entry_16	SUCCEEDED	SIGNOFF_PASS
DataModule__16entry_4	SUCCEEDED	SIGNOFF_PASS
DataModule__16entry_8	SUCCEEDED	SIGNOFF_PASS
DataModule__64entry	SUCCEEDED	SIGNOFF_PASS
DataModule__64entry_16	SUCCEEDED	SIGNOFF_PASS
DataPath	PASS_DEAD_REF	SIGNOFF_PASS
DebugModule	SUCCEEDED	SIGNOFF_PASS
DecodeStage	SUCCEEDED	SIGNOFF_PASS
DecodeUnit	SUCCEEDED	SIGNOFF_PASS
Decoupled2LCredit	SUCCEEDED	SIGNOFF_PASS
Decoupled2LCredit_1	SUCCEEDED	SIGNOFF_PASS
Decoupled2LCredit_2	SUCCEEDED	SIGNOFF_PASS
Decoupled2LCredit_5	SUCCEEDED	SIGNOFF_PASS
DelayReg	SUCCEEDED	SIGNOFF_PASS
Directory	SUCCEEDED	SIGNOFF_PASS
DivUnit	SUCCEEDED	SIGNOFF_PASS
DuplicatedTagArray	SUCCEEDED	SIGNOFF_PASS
EntriesAluBrhJmpI2fVsetriwiVsetriwvfI2v	PASS_DEAD_REF	SIGNOFF_PASS
EntriesAluCsrFenceDiv	SUCCEEDED	SIGNOFF_PASS
EntriesAluMulBkuBrhJmp	SUCCEEDED	SIGNOFF_PASS
EntriesFaluFcvtF2vFmacFdiv	SUCCEEDED	SIGNOFF_PASS
EntriesFaluFmac	SUCCEEDED	SIGNOFF_PASS
EntriesFaluFmacFdiv	SUCCEEDED	SIGNOFF_PASS
EntriesVfdivVidiv	SUCCEEDED	SIGNOFF_PASS
EntriesVfmaVialuFixVfalu	SUCCEEDED	SIGNOFF_PASS
EntriesVfmaVialuFixVimacVppuVfaluVfcvtVipuVsetrvfwvf	SUCCEEDED	SIGNOFF_PASS
EntriesVlduVstu	SUCCEEDED	SIGNOFF_PASS
EntriesVlduVstuVseglduVsegstu	SUCCEEDED	SIGNOFF_PASS
ExeUnit	SUCCEEDED	SIGNOFF_PASS
ExeUnit_4	SUCCEEDED	SIGNOFF_PASS
ExeUnit_8	SUCCEEDED	SIGNOFF_PASS
ExuBlock	SUCCEEDED	SIGNOFF_PASS
ExuBlock_1	SUCCEEDED	SIGNOFF_PASS
F3Predecoder	SUCCEEDED	SIGNOFF_PASS
FAlu	SUCCEEDED	SIGNOFF_PASS
FCVT	SUCCEEDED	SIGNOFF_PASS
FDivSqrt	SUCCEEDED	SIGNOFF_PASS
FMA	SUCCEEDED	SIGNOFF_PASS
FPDecoder	SUCCEEDED	SIGNOFF_PASS
FTB	SUCCEEDED	SIGNOFF_PASS
FTBBank	PASS_DEAD_REF	SIGNOFF_PASS
FTBEntryGen	SUCCEEDED	SIGNOFF_PASS
FastArbiter_27	SUCCEEDED	SIGNOFF_PASS
FastArbiter_30	SUCCEEDED	SIGNOFF_PASS
FastArbiter_31	SUCCEEDED	SIGNOFF_PASS
FastArbiter_36	SUCCEEDED	SIGNOFF_PASS
FastArbiter_44	SUCCEEDED	SIGNOFF_PASS
FastArbiter_46	SUCCEEDED	SIGNOFF_PASS
FastArbiter_47	SUCCEEDED	SIGNOFF_PASS
FauFTB	PASS_DEAD_REF	SIGNOFF_PASS
FauFTBWay	SUCCEEDED	SIGNOFF_PASS
Fence	PASS_DEAD_REF	SIGNOFF_PASS
FoldedSRAMTemplate	SUCCEEDED	SIGNOFF_PASS
FoldedSRAMTemplate_1	SUCCEEDED	SIGNOFF_PASS
FoldedSRAMTemplate_20	SUCCEEDED	SIGNOFF_PASS
FoldedSRAMTemplate_21	SUCCEEDED	SIGNOFF_PASS
FoldedSRAMTemplate_23	SUCCEEDED	SIGNOFF_PASS
FpRegFilePart0	SUCCEEDED	SIGNOFF_PASS
FreeList	SUCCEEDED	SIGNOFF_PASS
Frontend	SUCCEEDED	SIGNOFF_PASS
Ftq	PASS_DEAD_REF	SIGNOFF_PASS
FtqPcMemWrapper	SUCCEEDED	SIGNOFF_PASS
GrantBuffer	PASS_DEAD_REF	SIGNOFF_PASS
HPTW	SUCCEEDED	SIGNOFF_PASS
IBuffer	PASS_DEAD_REF	SIGNOFF_PASS
ICache	SUCCEEDED	SIGNOFF_PASS
ICacheCtrlUnit	SUCCEEDED	SIGNOFF_PASS
ICacheDataArray	SUCCEEDED	SIGNOFF_PASS
ICacheMainPipe	PASS_DEAD_REF	SIGNOFF_PASS
ICacheMetaArray	SUCCEEDED	SIGNOFF_PASS
ICacheMissUnit	PASS_DEAD_REF	SIGNOFF_PASS
ICacheReplacer	SUCCEEDED	SIGNOFF_PASS
IMSIC	SUCCEEDED	SIGNOFF_PASS
IMSICGateWay	SUCCEEDED	SIGNOFF_PASS
IPrefetchPipe	SUCCEEDED	SIGNOFF_PASS
ITTage	PASS_DEAD_REF	SIGNOFF_PASS
ITTageTable	SUCCEEDED	SIGNOFF_PASS
ITTageTable_1	SUCCEEDED	SIGNOFF_PASS
ITTageTable_2	SUCCEEDED	SIGNOFF_PASS
ITTageTable_3	SUCCEEDED	SIGNOFF_PASS
ITTageTable_4	SUCCEEDED	SIGNOFF_PASS
ImmExtractor	SUCCEEDED	SIGNOFF_PASS
ImmExtractor_12	SUCCEEDED	SIGNOFF_PASS
InstrMMIOEntry	SUCCEEDED	SIGNOFF_PASS
InstrUncache	SUCCEEDED	SIGNOFF_PASS
IntRegFilePart0	SUCCEEDED	SIGNOFF_PASS
IssueQueueAluBrhJmpI2fVsetriwiVsetriwvfI2v	SUCCEEDED	SIGNOFF_PASS
IssueQueueAluCsrFenceDiv	SUCCEEDED	SIGNOFF_PASS
IssueQueueAluMulBkuBrhJmp	SUCCEEDED	SIGNOFF_PASS
IssueQueueLdu	SUCCEEDED	SIGNOFF_PASS
IssueQueueStaMou	SUCCEEDED	SIGNOFF_PASS
IssueQueueStdMoud	SUCCEEDED	SIGNOFF_PASS
JumpUnit	SUCCEEDED	SIGNOFF_PASS
L1CohMetaArray	SUCCEEDED	SIGNOFF_PASS
L1FlagMetaArray	SUCCEEDED	SIGNOFF_PASS
L1FlagMetaArray_1	SUCCEEDED	SIGNOFF_PASS
L2DataStorage	SUCCEEDED	SIGNOFF_PASS
L2Directory	SUCCEEDED	SIGNOFF_PASS
L2Slice	SUCCEEDED	SIGNOFF_PASS
L2TLB	SUCCEEDED	SIGNOFF_PASS
L2TLBWrapper	SUCCEEDED	SIGNOFF_PASS
L2TlbMissQueue	SUCCEEDED	SIGNOFF_PASS
L2TlbPrefetch	PASS_DEAD_REF	SIGNOFF_PASS
L2Top	SUCCEEDED	SIGNOFF_PASS
LCredit2Decoupled	SUCCEEDED	SIGNOFF_PASS
LCredit2Decoupled_1	SUCCEEDED	SIGNOFF_PASS
LCredit2Decoupled_10	SUCCEEDED	SIGNOFF_PASS
LCredit2Decoupled_8	SUCCEEDED	SIGNOFF_PASS
LLPTW	PASS_DEAD_REF	SIGNOFF_PASS
LevelGateway	SUCCEEDED	SIGNOFF_PASS
LinkMonitor	SUCCEEDED	SIGNOFF_PASS
LoadMisalignBuffer	PASS_DEAD_REF	SIGNOFF_PASS
LoadPipe	PASS_DEAD_REF	SIGNOFF_PASS
LoadQueue	SUCCEEDED	SIGNOFF_PASS
LoadQueueRAR	PASS_DEAD_REF	SIGNOFF_PASS
LoadQueueRAW	PASS_DEAD_REF	SIGNOFF_PASS
LoadQueueReplay	SUCCEEDED	SIGNOFF_PASS
LoadQueueUncache	SUCCEEDED	SIGNOFF_PASS
LoadUnit	PASS_DEAD_REF	SIGNOFF_PASS
LqExceptionBuffer	PASS_DEAD_REF	SIGNOFF_PASS
LsqWrapper	SUCCEEDED	SIGNOFF_PASS
MEFreeList	SUCCEEDED	SIGNOFF_PASS
MSHR	PASS_DEAD_REF	SIGNOFF_PASS
MSHRCtl	PASS_DEAD_REF	SIGNOFF_PASS
MSHRSelector	SUCCEEDED	SIGNOFF_PASS
MainPipe	PASS_DEAD_REF	SIGNOFF_PASS
MainPipe_1	SUCCEEDED	SIGNOFF_PASS
MemBlock	WORKING_POLICY_PARENT_CLEAN_RC0	PROOF_GAP
MissQueue	PASS_DEAD_REF	SIGNOFF_PASS
MulUnit	SUCCEEDED	SIGNOFF_PASS
NewCSR	SUCCEEDED	SIGNOFF_PASS
NewDispatch	PASS_DEAD_REF	SIGNOFF_PASS
NewIFU	PASS_DEAD_REF	SIGNOFF_PASS
NewPipelineConnectPipe	SUCCEEDED	SIGNOFF_PASS
NewPipelineConnectPipe_1	SUCCEEDED	SIGNOFF_PASS
NewPipelineConnectPipe_10	SUCCEEDED	SIGNOFF_PASS
NewPipelineConnectPipe_13	SUCCEEDED	SIGNOFF_PASS
NewPipelineConnectPipe_14	SUCCEEDED	SIGNOFF_PASS
NewPipelineConnectPipe_16	SUCCEEDED	SIGNOFF_PASS
NewPipelineConnectPipe_18	SUCCEEDED	SIGNOFF_PASS
NewPipelineConnectPipe_20	SUCCEEDED	SIGNOFF_PASS
NewPipelineConnectPipe_23	SUCCEEDED	SIGNOFF_PASS
NewPipelineConnectPipe_25	SUCCEEDED	SIGNOFF_PASS
NewPipelineConnectPipe_27	SUCCEEDED	SIGNOFF_PASS
NewPipelineConnectPipe_31	SUCCEEDED	SIGNOFF_PASS
NewPipelineConnectPipe_32	SUCCEEDED	SIGNOFF_PASS
NewPipelineConnectPipe_33	SUCCEEDED	SIGNOFF_PASS
NewPipelineConnectPipe_5	SUCCEEDED	SIGNOFF_PASS
NewPipelineConnectPipe_7	SUCCEEDED	SIGNOFF_PASS
NewPipelineConnectPipe_8	SUCCEEDED	SIGNOFF_PASS
NewPipelineConnectPipe_9	SUCCEEDED	SIGNOFF_PASS
OpenLLC	SUCCEEDED	SIGNOFF_PASS
PLICFanIn	SUCCEEDED	SIGNOFF_PASS
PMP	PASS_DEAD_REF	SIGNOFF_PASS
PMPChecker	SUCCEEDED	SIGNOFF_PASS
PMPChecker_10	SUCCEEDED	SIGNOFF_PASS
PTW	PASS_DEAD_REF	SIGNOFF_PASS
Pipeline	SUCCEEDED	SIGNOFF_PASS
PreDecode	SUCCEEDED	SIGNOFF_PASS
Predictor	SUCCEEDED	SIGNOFF_PASS
ProbeQueue	SUCCEEDED	SIGNOFF_PASS
PtwCache	SUCCEEDED	SIGNOFF_PASS
Queue1_RegMapperInput_3	SUCCEEDED	SIGNOFF_PASS
RASStack	SUCCEEDED	SIGNOFF_PASS
RNXbar	SUCCEEDED	SIGNOFF_PASS
RVCExpander	SUCCEEDED	SIGNOFF_PASS
RXDAT	SUCCEEDED	SIGNOFF_PASS
RXDAT_4	SUCCEEDED	SIGNOFF_PASS
RXREQ	SUCCEEDED	SIGNOFF_PASS
RXRSP	SUCCEEDED	SIGNOFF_PASS
RXRSP_4	SUCCEEDED	SIGNOFF_PASS
RegCache	PASS_DEAD_REF	SIGNOFF_PASS
Rename	SUCCEEDED	SIGNOFF_PASS
RenameBuffer	PASS_DEAD_REF	SIGNOFF_PASS
RenameTable	SUCCEEDED	SIGNOFF_PASS
RequestArb	SUCCEEDED	SIGNOFF_PASS
Rob	PARTITIONED_SUCCEEDED	PARTITIONED_SUCCEEDED	cone-DCE 5分区union(commit/exception/perf/vecexcp/lsq全RC0)+16161 completion pin全passing+union 2343 outputs PASS+co-sim1/7/42=0; union_record sha=ca4d1959c9f20144; impl_commit 7babaa3c; 非monolithic
SCTable	PASS_DEAD_REF	SIGNOFF_PASS
SCTable_1	PASS_DEAD_REF	SIGNOFF_PASS
SCTable_2	PASS_DEAD_REF	SIGNOFF_PASS
SCTable_3	PASS_DEAD_REF	SIGNOFF_PASS
SNXbar	SUCCEEDED	SIGNOFF_PASS
SRAMTemplate	SUCCEEDED	SIGNOFF_PASS
SRAMTemplate_16	SUCCEEDED	SIGNOFF_PASS
SRAMTemplate_2	SUCCEEDED	SIGNOFF_PASS
SRAMTemplate_32	SUCCEEDED	SIGNOFF_PASS
SRAMTemplate_36	SUCCEEDED	SIGNOFF_PASS
SRAMTemplate_4	SUCCEEDED	SIGNOFF_PASS
SRAMTemplate_44	SUCCEEDED	SIGNOFF_PASS
SRAMTemplate_45	SUCCEEDED	SIGNOFF_PASS
SRAMTemplate_64	SUCCEEDED	SIGNOFF_PASS
SRAMTemplate_66	SUCCEEDED	SIGNOFF_PASS
SRAMTemplate_70	SUCCEEDED	SIGNOFF_PASS
SRAMTemplate_72	SUCCEEDED	SIGNOFF_PASS
SRAMTemplate_8	SUCCEEDED	SIGNOFF_PASS
Sbuffer	SUCCEEDED	SIGNOFF_PASS
Scheduler	SUCCEEDED	SIGNOFF_PASS
Scheduler_1	SUCCEEDED	SIGNOFF_PASS
Scheduler_2	SUCCEEDED	SIGNOFF_PASS
Scheduler_3	SUCCEEDED	SIGNOFF_PASS
SinkA	SUCCEEDED	SIGNOFF_PASS
SinkC	SUCCEEDED	SIGNOFF_PASS
Slice	SUCCEEDED	SIGNOFF_PASS
SourceB	PASS_DEAD_REF	SIGNOFF_PASS
SplittedSRAMTemplate	SUCCEEDED	SIGNOFF_PASS
SplittedSRAMTemplate_1	SUCCEEDED	SIGNOFF_PASS
SplittedSRAMTemplate_2	SUCCEEDED	SIGNOFF_PASS
SplittedSRAMTemplate_23	SUCCEEDED	SIGNOFF_PASS
SplittedSRAMTemplate_24	SUCCEEDED	SIGNOFF_PASS
SplittedSRAMTemplate_26	SUCCEEDED	SIGNOFF_PASS
SplittedSRAMTemplate_3	SUCCEEDED	SIGNOFF_PASS
SplittedSRAMTemplate_4	SUCCEEDED	SIGNOFF_PASS
StdFreeList	SUCCEEDED	SIGNOFF_PASS
StoreExceptionBuffer	SUCCEEDED	SIGNOFF_PASS
StoreMisalignBuffer	PASS_DEAD_REF	SIGNOFF_PASS
StorePfWrapper	PASS_DEAD_REF	SIGNOFF_PASS
StorePipe	SUCCEEDED	SIGNOFF_PASS
StoreQueue	SUCCEEDED	SIGNOFF_PASS
StoreUnit	PASS_DEAD_REF	SIGNOFF_PASS
SubDirectory	SUCCEEDED	SIGNOFF_PASS
SubDirectory_1	SUCCEEDED	SIGNOFF_PASS
SyncDataModuleTemplate_BackendPC_64entry	SUCCEEDED	SIGNOFF_PASS
SyncDataModuleTemplate_FtqPC_64entry	SUCCEEDED	SIGNOFF_PASS
SyncDataModuleTemplate__1024entry	SUCCEEDED	SIGNOFF_PASS
SyncDataModuleTemplate__1024entry_1	SUCCEEDED	SIGNOFF_PASS
SyncDataModuleTemplate__64entry	SUCCEEDED	SIGNOFF_PASS
SyncDataModuleTemplate__64entry_1	SUCCEEDED	SIGNOFF_PASS
SyncDataModuleTemplate__64entry_2	SUCCEEDED	SIGNOFF_PASS
SyncDataModuleTemplate__64entry_3	SUCCEEDED	SIGNOFF_PASS
SyncDataModuleTemplate__64entry_4	SUCCEEDED	SIGNOFF_PASS
TL2CHICoupledL2	SUCCEEDED	SIGNOFF_PASS
TLBFA	PASS_DEAD_REF	SIGNOFF_PASS
TLBFA_1	PASS_DEAD_REF	SIGNOFF_PASS
TLBNonBlock	PASS_DEAD_REF	SIGNOFF_PASS
TLBuffer	SUCCEEDED	SIGNOFF_PASS
TLBuffer_13	SUCCEEDED	SIGNOFF_PASS
TLBuffer_15	SUCCEEDED	SIGNOFF_PASS
TLBuffer_2	SUCCEEDED	SIGNOFF_PASS
TLBuffer_20	SUCCEEDED	SIGNOFF_PASS
TLBuffer_22	SUCCEEDED	SIGNOFF_PASS
TLBuffer_6	SUCCEEDED	SIGNOFF_PASS
TLBuffer_7	SUCCEEDED	SIGNOFF_PASS
TLBuffer_8	SUCCEEDED	SIGNOFF_PASS
TLBuffer_9	SUCCEEDED	SIGNOFF_PASS
TLLogger	SUCCEEDED	SIGNOFF_PASS
TLPLIC	SUCCEEDED	SIGNOFF_PASS
TLXbar_1	SUCCEEDED	SIGNOFF_PASS
TLXbar_2	SUCCEEDED	SIGNOFF_PASS
TLXbar_3	SUCCEEDED	SIGNOFF_PASS
TLXbar_4	SUCCEEDED	SIGNOFF_PASS
TLXbar_6	SUCCEEDED	SIGNOFF_PASS
TXDAT	SUCCEEDED	SIGNOFF_PASS
TXDAT_4	SUCCEEDED	SIGNOFF_PASS
TXREQ	SUCCEEDED	SIGNOFF_PASS
TXREQ_4	SUCCEEDED	SIGNOFF_PASS
TXRSP	SUCCEEDED	SIGNOFF_PASS
TXRSP_4	SUCCEEDED	SIGNOFF_PASS
TXSNP	SUCCEEDED	SIGNOFF_PASS
TageBTable	SUCCEEDED	SIGNOFF_PASS
TageTable	PASS_DEAD_REF	SIGNOFF_PASS
TageTable_1	PASS_DEAD_REF	SIGNOFF_PASS
TageTable_2	PASS_DEAD_REF	SIGNOFF_PASS
TageTable_3	PASS_DEAD_REF	SIGNOFF_PASS
Tage_SC	PASS_DEAD_REF	SIGNOFF_PASS
TlbStorageWrapper	SUCCEEDED	SIGNOFF_PASS
TlbStorageWrapper_1	SUCCEEDED	SIGNOFF_PASS
Uncache	PASS_DEAD_REF	SIGNOFF_PASS
UopInfoGen	SUCCEEDED	SIGNOFF_PASS
VSetRiWi	SUCCEEDED	SIGNOFF_PASS
VSetRvfWvf	SUCCEEDED	SIGNOFF_PASS
VirtualLoadQueue	SUCCEEDED	SIGNOFF_PASS
WayLookup	SUCCEEDED	SIGNOFF_PASS
WbDataPath	PASS_DEAD_REF	SIGNOFF_PASS
WbFuBusyTable	SUCCEEDED	SIGNOFF_PASS
WrBypass	SUCCEEDED	SIGNOFF_PASS
WrBypass_32	SUCCEEDED	SIGNOFF_PASS
WrBypass_33	SUCCEEDED	SIGNOFF_PASS
WrBypass_41	SUCCEEDED	SIGNOFF_PASS
WrBypass_43	SUCCEEDED	SIGNOFF_PASS
WritebackQueue	SUCCEEDED	SIGNOFF_PASS
XSCore	PARTIAL	PROOF_GAP
XSTile	FAILED	PROOF_GAP
XSTop	FAILED	PROOF_GAP
