RESULT.txt	291	23884887b01ea6d67104f4d4b381f255f2290959d2c58e3b50cc65488345eadd
RUNNER_RC	2	9a271f2a916b0b6ee6cecb2426f0b3206ef074578be55d9bc94f6f3fe3ab86aa
TOOLS.tsv	1672	ed5b0f00ddd13f33c487843b811cda6179d79ebba2d95f3e5313405a334a96fa
allow.json	415	4cb36df69fbef5049bd406bee38eed931a4f90481a83f8d60f29d2c36b6e77b9
expectation.json	1329	17d50ee37aef02a9db98918149844b14b74c9b7d700e603d220057a17ef5051f
fm_log.txt	19659	8d605296d80b2dc3fab19b0470ca011f639545253414ec73843aa639cc855670
fm_shell.rc	2	9a271f2a916b0b6ee6cecb2426f0b3206ef074578be55d9bc94f6f3fe3ab86aa
make.out	956	ed09770ef51c01682f51e7b138cade276a13f757133966cf3c68ae81affb83c6
native_facts.json	1772	26d9822c6e12e8ddec9510defb00069ab243543812fd9a6a272f4d2bc24274e3
probe_nc_unread.list	0	e3b0c44298fc1c149afbf4c8996fb92427ae41e4649b934ca495991b7852b855
script_closure.list	282	da478b31f8b4f28446fc21cfb7801fb04639b65c7238c15fa9c19544c04dca91
sourced_000_fm_eq.tcl	12888	d0861376c5e086c6cf9d469864c2ff86d0c6d48aef272b03aa0031860e27c07f
sourced_001_fm_native_emit.tcl	35910	f2cd9feaf192ca0687dee6abfbdd45e61c5db1c3a2b582cd73ee8b294c21015a
verdict.sidecar.json	2543	9372d95411b4d61846471db0a12ef0e9fe096066fcfb442effaab925f3111cd6
