RESULT.txt	283	4bcad6fca8dc9dad800e4e17b6e415bcfffa09bacaa67f25b8b567a871bf2580
RUNNER_RC	2	4355a46b19d348dc2f57c046f8ef63d4538ebb936000f3c9ee954a27460dd865
TOOLS.tsv	1436	1a3e001a4d0ff1cad5ef9347aac6832e91802c061614f22e2e5c5cf5a411c5b1
allow.json	82	3ebce8800652d644b2263c9613d078733d362bdf9bded01bde1d527001f315e8
expectation.json	1122	56be968bfbe5338193c7ff6647d048e5515137fb9bdc76468a38712547e36abc
fm_log.txt	57871	d208202e1ec3bb3ac50bf066f7bfe17977d50dbf0e4f5c9055e71106ba5d7535
fm_shell.rc	2	9a271f2a916b0b6ee6cecb2426f0b3206ef074578be55d9bc94f6f3fe3ab86aa
make.out	2465	9a468722520bb457f831e5fea483aca8630f393ac401d7f8527828e0ae8c1c34
native_facts.json	20983	701f358da5b7267094fba92308f7ef8e09b045ba3b2a86a44a26c7dc76d845b5
probe_nc_unread.list	290	980ce385ad659697fb128a8b2195b8a21d6c124ff365a6dc07fe5a137436c372
script_closure.list	282	dab7d01d71251db6da28ae4a78d845aee0c18b69c642eff5e3df3eef3e413e4f
sourced_000_fm_eq.tcl	11528	2b64f30763790e90a68b21f29d050df8b27a53ee78c4377b5f60a388b0be1162
sourced_001_fm_native_emit.tcl	31981	8c77b3f84fe02b4661b8f520370546156e0f97cd3762c80629a55c04c7e1f251
verdict.sidecar.json	22244	32448fd18a9c36f5bb9e93818c52c2406c87d45b3e82190f773a5ba73ffd3870
