RESULT.txt	266	2fce874479e92208df6be996aff9041c407cfc18f7a996e0cb8706252f6407b9
RUNNER_RC	2	f0b5c2c2211c8d67ed15e75e656c7862d086e9245420892a7de62cd9ec582a06
TOOLS.tsv	1470	830ebc969d7904081ec4cdbb5fdf1ed651261bdfaeae42dcb5c7ef40616c6102
allow.json	82	3ebce8800652d644b2263c9613d078733d362bdf9bded01bde1d527001f315e8
fm_log.txt	20147	df9600a50f1f3bd782afdf2848f17d20eb8a183280baf07068fc153d01e9742b
fm_shell.rc	2	7de1555df0c2700329e815b93b32c571c3ea54dc967b89e81ab73b9972b72d1d
make.out	1875	476f386cd4d93063a2a8419699b7cccd4ee9d7421a3c39b9dc0c9a09f5162876
probe_nc_unread.list	0	e3b0c44298fc1c149afbf4c8996fb92427ae41e4649b934ca495991b7852b855
script_closure.list	282	58de94cde983396cbb238b60a4d3dea8f44159857c1b8871421cde9b8a381f90
sourced_000_fm_eq.tcl	11528	2b64f30763790e90a68b21f29d050df8b27a53ee78c4377b5f60a388b0be1162
sourced_001_fm_native_emit.tcl	31981	8c77b3f84fe02b4661b8f520370546156e0f97cd3762c80629a55c04c7e1f251
