RESULT.txt	286	e08140e1eb346c7af7a80242876bbe45f5f583c38f17ab772b13c667ee59c61d
RUNNER_RC	2	4355a46b19d348dc2f57c046f8ef63d4538ebb936000f3c9ee954a27460dd865
TOOLS.tsv	1437	3251e00b8c087601f002fd2c733b5acef53b3731edd1278f941ac3a4e20a7464
allow.json	82	3ebce8800652d644b2263c9613d078733d362bdf9bded01bde1d527001f315e8
expectation.json	1126	0910e5cd8069676e3ce05655ad32f8beb3c62f1f09ead3710687d906fe32dc96
fm_log.txt	18503	d346e74e41aac6280f828009cbe88bba8fabba058a9eab887381c75d5504d554
fm_shell.rc	2	9a271f2a916b0b6ee6cecb2426f0b3206ef074578be55d9bc94f6f3fe3ab86aa
make.out	995	85ae175a4a4f25786b21bd924b0a91dca48a496c8af4e490e7ae910420772441
native_facts.json	1731	a54a601660287a519410127791feccb0d12d3d8fab925b5a5d2c357f5fb2096a
probe_nc_unread.list	0	e3b0c44298fc1c149afbf4c8996fb92427ae41e4649b934ca495991b7852b855
script_closure.list	282	d1d4f985787b903d116143923e9a87f492afcc36d01d25c6ab09b7c73c62279c
sourced_000_fm_eq.tcl	11528	2b64f30763790e90a68b21f29d050df8b27a53ee78c4377b5f60a388b0be1162
sourced_001_fm_native_emit.tcl	31981	8c77b3f84fe02b4661b8f520370546156e0f97cd3762c80629a55c04c7e1f251
verdict.sidecar.json	2496	ddcfa8b2c0020c7da5dcb9f863f8a06adcda7c9321c18772f5382f6e54993cc5
