RESULT.txt	309	869faf2024d4adb38358f6d6b09d16730727f3270edbc2fb3bca27b196a6eabb
RUNNER_RC	2	9a271f2a916b0b6ee6cecb2426f0b3206ef074578be55d9bc94f6f3fe3ab86aa
TOOLS.tsv	1604	73f3620fa9822abe1a10e20d9b98b50a6f524eada2664838be53f2862226a6b0
allow.json	82	3ebce8800652d644b2263c9613d078733d362bdf9bded01bde1d527001f315e8
expectation.json	1166	a06085526f47b53a3a330df0a9a81e3fb9ccdc661d763ecf327b5a2a2428d30c
fm_log.txt	20573	e198d554c60ac9c44216fb9c2eb731ca84cd2931030907d7fa668c1a2a35f75e
fm_shell.rc	2	9a271f2a916b0b6ee6cecb2426f0b3206ef074578be55d9bc94f6f3fe3ab86aa
make.out	1424	110441b52b94a2f27949066f21fb766868d1e9d9a2c3cc04b057561c1c87e76b
native_facts.json	1524	49c385be35feeb89e25f9f2c2ec1f8b8d42a10544fd43d678f8e29aa204997e1
probe_nc_unread.list	0	e3b0c44298fc1c149afbf4c8996fb92427ae41e4649b934ca495991b7852b855
script_closure.list	282	542b367bf1c238aac9d0d34ed6359ce109dfb4cd49c4d8c88f117d502bc48aff
sourced_000_fm_eq.tcl	13866	a87b76f3648445edba3a3606016766da9969f02b2be472d3f5429e224e14a04e
sourced_001_fm_native_emit.tcl	35910	f2cd9feaf192ca0687dee6abfbdd45e61c5db1c3a2b582cd73ee8b294c21015a
verdict.sidecar.json	2304	8aa6e8456441cb71ce348e9b095cb2e944e8bd72b65ce0de250f236aacc8564f
