RESULT.txt	297	ad0767efdd0fe9c7b07f4b945beb85600c2e0c2e8f2657dafb65fc9f41a3b8a4
RUNNER_RC	2	9a271f2a916b0b6ee6cecb2426f0b3206ef074578be55d9bc94f6f3fe3ab86aa
TOOLS.tsv	1598	44e986f140fc5276d8cdf74e90a8790526619483662b5aefa144553a676a6134
allow.json	82	3ebce8800652d644b2263c9613d078733d362bdf9bded01bde1d527001f315e8
expectation.json	1142	7ba506330ed2364ae09e8032d878e56d84c52fdf94dab61de98782489907c199
fm_log.txt	84945	a9c9d7db72b38ac7d811fe1f4ab6f23b1a0492133613225b42f1ba9859147026
fm_shell.rc	2	9a271f2a916b0b6ee6cecb2426f0b3206ef074578be55d9bc94f6f3fe3ab86aa
make.out	20760	8dab2b762c8a87c802bb6fa8c589474ee21ca93f4f6ecfb31a8740b84a6e90f9
native_facts.json	1512	9ab0f3325ebc080b6c1c44bacbea9a92b39137a94184dda5c277831c80c7bc0f
probe_nc_unread.list	0	e3b0c44298fc1c149afbf4c8996fb92427ae41e4649b934ca495991b7852b855
script_closure.list	282	d3e507ef001538245edc265e3fd4ac45cb8fed493436e6a1f06caf8c995209f4
sourced_000_fm_eq.tcl	13877	3be4ef2ae79ae92049723b169e43f883a16e0d2860596f09fd6ac50bf1553160
sourced_001_fm_native_emit.tcl	35910	f2cd9feaf192ca0687dee6abfbdd45e61c5db1c3a2b582cd73ee8b294c21015a
verdict.sidecar.json	2280	ffe89d1016a7d8119a9fb500c58698a58f5919706a0ebc66d8f6347a5d8ca461
