RESULT.txt	289	0dde6e715951548e932b5e1340662a61b307b41258483a34b8d6721bdc72bb5d
RUNNER_RC	2	9a271f2a916b0b6ee6cecb2426f0b3206ef074578be55d9bc94f6f3fe3ab86aa
TOOLS.tsv	1595	2832b0410dbc618315822904988844cbde049c37c0a362831b44eae327afe37e
allow.json	82	3ebce8800652d644b2263c9613d078733d362bdf9bded01bde1d527001f315e8
expectation.json	1126	cde160c6cb0b69e03fbe3d82a65320d1d2d6049dfef1416412d16f9bb6438501
fm_log.txt	19978	e31351b0b84287bb8f1100a6bfea44fdb5ada56a9272631246d33ac368e6ec89
fm_shell.rc	2	9a271f2a916b0b6ee6cecb2426f0b3206ef074578be55d9bc94f6f3fe3ab86aa
make.out	1287	48fd0f8ef547435d5990a64a70645a089656abae13302447e361828707e2a2c4
native_facts.json	1503	28ceaf059f7e47d6f403355ac1cb57c2704f20224aa3a2f7572c046176430978
probe_nc_unread.list	0	e3b0c44298fc1c149afbf4c8996fb92427ae41e4649b934ca495991b7852b855
script_closure.list	282	b763ab26d4b5fb40cb750c42ee639e1c34dcdd376bc8ea2402f52b6fc51e7865
sourced_000_fm_eq.tcl	13877	3be4ef2ae79ae92049723b169e43f883a16e0d2860596f09fd6ac50bf1553160
sourced_001_fm_native_emit.tcl	35910	f2cd9feaf192ca0687dee6abfbdd45e61c5db1c3a2b582cd73ee8b294c21015a
verdict.sidecar.json	2263	cf1f4eac433ac8c3e49ef617c5ff35b76fd4f0fd3a310890e9266782194ef2e1
