RESULT.txt	303	b2851daf62c421c417c97b4e4202a394ebe8c82c79d9cd26960573abe670f18c
RUNNER_RC	2	9a271f2a916b0b6ee6cecb2426f0b3206ef074578be55d9bc94f6f3fe3ab86aa
TOOLS.tsv	1444	078fa909507dd5a5bb21f4678d94163d8fbf46c19458e3300a57f4bbaaebf70e
allow.json	82	3ebce8800652d644b2263c9613d078733d362bdf9bded01bde1d527001f315e8
expectation.json	1154	d822fc264f417bd1a9727918d040bd184291950647c1f91578bbfde0a9c03d50
fm_log.txt	16610	0c446481784c436269b40e9a5aceaaf200d3b395b61a82af73b781d67c1676db
fm_shell.rc	2	9a271f2a916b0b6ee6cecb2426f0b3206ef074578be55d9bc94f6f3fe3ab86aa
make.out	1016	dbf3151081fa4c26b8f34133aa598d5bb367df253cf9cb3a1ecccab81b32145e
native_facts.json	1516	2184d2de0485f7cfdfc4fd071b4b00e46d1320dffc2320c3c3b057794d824d83
probe_nc_unread.list	0	e3b0c44298fc1c149afbf4c8996fb92427ae41e4649b934ca495991b7852b855
script_closure.list	282	528a41b8d1c5c6a7483f7af46fde4af37f0ee7d3feef4e88371fd13cb1a7dfb1
sourced_000_fm_eq.tcl	11528	2b64f30763790e90a68b21f29d050df8b27a53ee78c4377b5f60a388b0be1162
sourced_001_fm_native_emit.tcl	33770	5bfd16c1dad8438c6fcc6a757b6fa05994a4fb649ed90f595a61cdc3a73a2f7c
verdict.sidecar.json	2290	58278b81b8435e6ffbcca2ccd3e709af991361718ad434d8878c8e3272fc8b07
