RESULT.txt	315	78021616e58500d5bdcf5b45cfcf65036323fe3df49c8259cd62dac8c87c81c9
RUNNER_RC	2	9a271f2a916b0b6ee6cecb2426f0b3206ef074578be55d9bc94f6f3fe3ab86aa
TOOLS.tsv	1608	043826b215000b9c4910b428739720529142a59cf5123027ae46812d0a9838ac
allow.json	82	3ebce8800652d644b2263c9613d078733d362bdf9bded01bde1d527001f315e8
expectation.json	1178	765053cd88592ca6698d78084c54b2fc3482f76ef01fc0d8820e92b3a1964fed
fm_log.txt	20101	897a13f23340b6d56b86aa8c592b7fd55b15b05ce4274779a29522c3acb09dab
fm_shell.rc	2	9a271f2a916b0b6ee6cecb2426f0b3206ef074578be55d9bc94f6f3fe3ab86aa
make.out	1132	645bc184022ad6d275dca64b518e26aa96fb01a8314c7d9f109575aa194579d6
native_facts.json	1528	b7d2725f3c1b72dd19de4d2d16c200bc2dfaeeb669ddbfb2c674af3e321b9cd8
probe_nc_unread.list	0	e3b0c44298fc1c149afbf4c8996fb92427ae41e4649b934ca495991b7852b855
script_closure.list	282	18ca98577416b248ed6e40efef770398bc67a572a85ad73d452e07becdfdd208
sourced_000_fm_eq.tcl	13877	3be4ef2ae79ae92049723b169e43f883a16e0d2860596f09fd6ac50bf1553160
sourced_001_fm_native_emit.tcl	35910	f2cd9feaf192ca0687dee6abfbdd45e61c5db1c3a2b582cd73ee8b294c21015a
verdict.sidecar.json	2314	891a53539f384ed9b1625f39462d5b0ec699de83499d6933dd9475c8488fe6e7
