RESULT.txt	260	39c5ee49a0b1e7b025f14d25281b0df9a00552a343bc0b6c2e20adbf2564f85f
RUNNER_RC	2	f0b5c2c2211c8d67ed15e75e656c7862d086e9245420892a7de62cd9ec582a06
TOOLS.tsv	1464	40ed525c7c1c0994dcf99e93b022e1d275d31e4541e7faabeaf2fc5e42ac3bbc
allow.json	82	3ebce8800652d644b2263c9613d078733d362bdf9bded01bde1d527001f315e8
fm_log.txt	18379	f59db0faf4b0d33865dd232df5de2cb7544147815d804ed2ef02139b79b3579f
fm_shell.rc	2	7de1555df0c2700329e815b93b32c571c3ea54dc967b89e81ab73b9972b72d1d
make.out	1380	53a431132190e208ba1df41d555ee7758ef8ab85f2d0b624299d85e43b907a2c
probe_nc_unread.list	0	e3b0c44298fc1c149afbf4c8996fb92427ae41e4649b934ca495991b7852b855
script_closure.list	282	26e9f982dcc5ae2ce8efcf97c0ef0fda9531ce21b08c7f72cba2db44709a1bb8
sourced_000_fm_eq.tcl	11528	2b64f30763790e90a68b21f29d050df8b27a53ee78c4377b5f60a388b0be1162
sourced_001_fm_native_emit.tcl	31981	8c77b3f84fe02b4661b8f520370546156e0f97cd3762c80629a55c04c7e1f251
