RESULT.txt	309	fed00ad11e877336bdf1ada957a75155db901cf2139bce612e625a83df648df7
RUNNER_RC	2	9a271f2a916b0b6ee6cecb2426f0b3206ef074578be55d9bc94f6f3fe3ab86aa
TOOLS.tsv	1753	b7c9f458c56ce82e4f9b1e4d4ab11add34c71285c0d447ba562ba455ac9dde1c
allow.json	82	3ebce8800652d644b2263c9613d078733d362bdf9bded01bde1d527001f315e8
expectation.json	1166	fb535cc260e9bdd4722a446dc932823b9936fad5f16948a84ce7b7021c5c7c9e
fm_log.txt	20964	4a4eead1fb5504bf66623496fe7fb47c9488b86bfba0be270596d139ee4c26d0
fm_shell.rc	2	9a271f2a916b0b6ee6cecb2426f0b3206ef074578be55d9bc94f6f3fe3ab86aa
make.out	1105	4c3a2d97b18b47ba03c0b0c8318b4c8214fa77debd7112fe2b90b8cf789786b9
native_facts.json	1521	245c3e7ea77a52b8027a785968c5da66d26d8e7c3f1286d5a8c2f50d2633b4a2
probe_nc_unread.list	0	e3b0c44298fc1c149afbf4c8996fb92427ae41e4649b934ca495991b7852b855
script_closure.list	282	9dbf9ac8e2dde741e27b2d177e7d816ae0449944e864eeaa78fe5fc6f7769bf2
sourced_000_fm_eq.tcl	15559	9abe34eb15a1d2fd4325043697a7130312b8223f68d3fa9b5b925a77d37b247d
sourced_001_fm_native_emit.tcl	39555	decc6ac8af6128600a1df554ab9550735bbe472772a93afb98dfa38302da7972
verdict.sidecar.json	2301	f9ac913a7d19d521e9c106874c6b28a1b638a7d02d228f3e2be9809e9ac90d3d
