RESULT.txt	317	8f8c4435fb63e80059a5f85d56788cd15d9674fcb608711074e400214d33cd56
RUNNER_RC	2	9a271f2a916b0b6ee6cecb2426f0b3206ef074578be55d9bc94f6f3fe3ab86aa
TOOLS.tsv	1558	8a71796ef08a481c3e8dd8cf842976cb7ad14ba6e4a3aff902e7783714f96963
allow.json	228	93a201fe575f6dd94dbceb988aa72f78b46fbe96c9387e8096aaccacdbae9cc8
expectation.json	1328	a46ca2469b5179f45ba64a2659efc04c1986dd59264d8a3b9db7068c50790e21
fm_log.txt	18031	96ab72088f9fa6c362492f5c6d1749e7e3e1fc11a1e1768e6a872510788f16d3
fm_shell.rc	2	9a271f2a916b0b6ee6cecb2426f0b3206ef074578be55d9bc94f6f3fe3ab86aa
make.out	1030	384d2c4391c40965ddbd208b69e3eda252b1cc58fef79ff48bbedea0598e9380
native_facts.json	1742	6c6b54cfc5d4e39035da8d872af7b7b0737117de6a7f99e9e28acb75fa2259a5
probe_nc_unread.list	0	e3b0c44298fc1c149afbf4c8996fb92427ae41e4649b934ca495991b7852b855
script_closure.list	282	ccdc2cf1b7d16cd8c1b6c0d479fa1e03d58c527343304ee953a02461aef2f716
sourced_000_fm_eq.tcl	11528	2b64f30763790e90a68b21f29d050df8b27a53ee78c4377b5f60a388b0be1162
sourced_001_fm_native_emit.tcl	35762	e256a5e32181b5cb8b8a3c838f056d15b4e31e832a6e7f60727c63863438ab2f
verdict.sidecar.json	2533	5dd2b870596ee4e9b2142b447e10c7fe0729ebd7a3eb1a3fa6ca8a5a6acb70f5
