RESULT.txt	302	50a0e44dfd7536cf7a97ebe94b09b78c253c92fe8a9361786142100394fc2348
RUNNER_RC	2	4355a46b19d348dc2f57c046f8ef63d4538ebb936000f3c9ee954a27460dd865
TOOLS.tsv	1445	244c116d32723e430ded62fcf228dfc2ecf9df6c8b68c09599589474a33ec0f5
allow.json	82	3ebce8800652d644b2263c9613d078733d362bdf9bded01bde1d527001f315e8
expectation.json	1158	ae34e3735b34625827c8cacf883f8a706c72b2d413dcfa0ff9171c6a1e67b38b
fm_log.txt	17310	1be06d37e4544c8468f8b135512f9721f16b7213f43ed15547f90a14dae73ecf
fm_shell.rc	2	9a271f2a916b0b6ee6cecb2426f0b3206ef074578be55d9bc94f6f3fe3ab86aa
make.out	1159	94fc44914c0d3d86c87e3b11bb1b42ea402882dc2e5739f7ef69e7247fc97016
native_facts.json	1581	f9e8f7dfbad0610bee1e08ea17e0bd0f338d6bf77afde917d60f136b87b5dc87
probe_nc_unread.list	96	c81bc39c12eeab3a31e2f9ea8a1b91963384ea99058f1db164381128f5555172
script_closure.list	282	495a30c0a2f5efc9d772296db5d79070bc881dbf8203de06c4eed65575331e17
sourced_000_fm_eq.tcl	11528	2b64f30763790e90a68b21f29d050df8b27a53ee78c4377b5f60a388b0be1162
sourced_001_fm_native_emit.tcl	31981	8c77b3f84fe02b4661b8f520370546156e0f97cd3762c80629a55c04c7e1f251
verdict.sidecar.json	2356	8008a9cfcf4268fe7c0123a6faa54fc3876e5c23cd63c4e70fda902d83bb1842
