RESULT.txt	293	71067cc6056ab8f77c7ab0396e643d91889021581e3a44ce1c7ae285e6587746
RUNNER_RC	2	4355a46b19d348dc2f57c046f8ef63d4538ebb936000f3c9ee954a27460dd865
TOOLS.tsv	1552	89fd6dca88bb3e0ba33d13c2f1cd579706d9b7e885c707aff027909a5a0753f0
allow.json	82	3ebce8800652d644b2263c9613d078733d362bdf9bded01bde1d527001f315e8
expectation.json	1230	a739a35cda35e232fb64f6022971a23d5a8d085d8bb36c1a0365f86bcfb84cdb
fm_log.txt	2774766	3477438c6e558a4e67ea82ef566708a56da50cee7de39549ef514e16a8b3bfe9
fm_shell.rc	2	9a271f2a916b0b6ee6cecb2426f0b3206ef074578be55d9bc94f6f3fe3ab86aa
make.out	1891	ad3c97078f761d9b5888c21fbdca2956bbb24b053c5aa718be5419c7b2dd101d
native_facts.json	363240	dc68d42c9a7e799872b2d8be293e8ab801e44a7c5fd72f90d5b77aae08647fa8
probe_nc_unread.list	11804	d10c7e186e02c76546789a46c82a75df2d540bc70b1156e1aa48e8b284e5611a
script_closure.list	434	47bfe2577b2af596969261cac356bdf3d906f73007d4944334b47091939a8f06
sourced_000_fm_eq.tcl	11528	2b64f30763790e90a68b21f29d050df8b27a53ee78c4377b5f60a388b0be1162
sourced_001_fm_native_emit.tcl	34258	166a750ed2833fe1e491914e6f471eb7a0ba33a5891ebbeb87bbe6e6e3ce0319
sourced_002_fm_pins_pre.tcl	7077	0ba0802acee8f477687c9f92df000d26327c816b850ced05cd398497c1f33ca2
verdict.sidecar.json	370973	fac1eeb1266b7392a7d65104722e7c9b79ac6d446b7efa38d282475c09f9f0ad
