RESULT.txt	295	356503806ab5999d92520b5b643e3e3fc35220e0ded9008d28f009a3c03d93c1
RUNNER_RC	2	9a271f2a916b0b6ee6cecb2426f0b3206ef074578be55d9bc94f6f3fe3ab86aa
TOOLS.tsv	1580	1c32a6c5e406786d95de4021e307e5aa6d263f489697a525e5b24f297af137fb
allow.json	82	3ebce8800652d644b2263c9613d078733d362bdf9bded01bde1d527001f315e8
expectation.json	1137	fcdc01cc29c71639843707311b7f4b25dfde7e2262f0df0efcc22db8c4c72325
fm_log.txt	38470	a8003f83b54f922827d9f9c33f2163b7d0af4638e1c37556a743da5b1905e425
fm_shell.rc	2	9a271f2a916b0b6ee6cecb2426f0b3206ef074578be55d9bc94f6f3fe3ab86aa
make.out	5183	a72c029e8dcfc28366f8ee554392dd14c197dc95c752115989aa37a81b689082
native_facts.json	1509	d241e72d2ea165685c51c73c917ef64c2d9997d13943460b2fb313fd13f8fb25
probe_nc_unread.list	0	e3b0c44298fc1c149afbf4c8996fb92427ae41e4649b934ca495991b7852b855
script_closure.list	282	a564817291ea511f53a51c0c429cd559a98e21d85da269cd066fa73d3d0ebde7
sourced_000_fm_eq.tcl	12872	021cea438edfda1d0beb984d5e81110264a86538aa118e739596a63e00fd5440
sourced_001_fm_native_emit.tcl	35910	f2cd9feaf192ca0687dee6abfbdd45e61c5db1c3a2b582cd73ee8b294c21015a
verdict.sidecar.json	2275	78ce2cad5343192d4de9f805285cbf6ac39e6a7d506439a06d0cba5098995424
