RESULT.txt	297	89695f1b451a35d5b916837f5fd8c7de4135754618b93b0ef405e1e7a305829c
RUNNER_RC	2	9a271f2a916b0b6ee6cecb2426f0b3206ef074578be55d9bc94f6f3fe3ab86aa
TOOLS.tsv	1538	47fab169f5dac6889a09999a5dfd47dc6d422665f4c05ea2ee1da5c9a74280c9
allow.json	309	505f313926e29f98c7665cf8c255f3e010974584cdd5c4a4a59c8e4b838f1cdb
expectation.json	1369	0f0bf8ae91974c87b6cfd5b8513d5a95b865c51d5fc5bd0b490a4347d4b16b07
fm_log.txt	19444	d69453c277a2dfd887e18162c56815d878689d12babda6e560ca815b81c0a6b2
fm_shell.rc	2	9a271f2a916b0b6ee6cecb2426f0b3206ef074578be55d9bc94f6f3fe3ab86aa
make.out	1054	4efe6955a5e77003f7f4ed828a4aff8f1a091ad824d88d791d907d57c62a5043
native_facts.json	1823	fc9e10bfd40de7b7c5bd253fd13ff30beaba8a5a5701cf2a0add2a20df112fc4
probe_nc_unread.list	0	e3b0c44298fc1c149afbf4c8996fb92427ae41e4649b934ca495991b7852b855
script_closure.list	282	3459f5f63ef2ea484bcfbf87845c07cd55eb39dfcf64975ae2d1db705a83efdf
sourced_000_fm_eq.tcl	11528	2b64f30763790e90a68b21f29d050df8b27a53ee78c4377b5f60a388b0be1162
sourced_001_fm_native_emit.tcl	35762	e256a5e32181b5cb8b8a3c838f056d15b4e31e832a6e7f60727c63863438ab2f
verdict.sidecar.json	2600	cd62f304472c59a94014f15f2c59f546156524838fc42f4f2e00621a3bab0efc
